date,close,change,pct,open,high,low,volume,fetch_time
2021-07-02,1782.60,0.00,0.00,1778.70,1787.90,1778.30,23,
2021-07-06,1793.50,10.90,0.61,1786.70,1809.80,1786.70,332,
2021-07-07,1801.50,8.00,0.45,1798.70,1808.40,1797.20,244,
2021-07-08,1799.60,-1.90,-0.11,1797.00,1818.50,1797.00,148,
2021-07-09,1810.00,10.40,0.58,1803.60,1810.10,1798.80,218,
2021-07-12,1805.50,-4.50,-0.25,1802.60,1805.50,1799.50,147,
2021-07-13,1809.40,3.90,0.22,1808.10,1812.00,1800.60,78,
2021-07-14,1824.30,14.90,0.82,1813.10,1829.00,1813.10,707,
2021-07-15,1828.40,4.10,0.22,1831.60,1833.00,1823.40,99,
2021-07-16,1814.50,-13.90,-0.76,1830.10,1831.40,1814.50,78,
2021-07-19,1808.70,-5.80,-0.32,1803.30,1813.40,1803.30,33,
2021-07-20,1810.90,2.20,0.12,1812.90,1824.00,1810.90,128,
2021-07-21,1802.90,-8.00,-0.44,1807.00,1807.00,1800.00,135,
2021-07-22,1805.00,2.10,0.12,1793.60,1805.00,1793.60,2,
2021-07-23,1801.40,-3.60,-0.20,1800.00,1801.40,1800.00,1,
2021-07-26,1798.70,-2.70,-0.15,1802.50,1802.50,1797.20,17,
2021-07-27,1799.50,0.80,0.04,1803.70,1803.70,1799.50,1,
2021-07-28,1799.50,0.00,0.00,1799.50,1799.50,1799.50,209783,
2021-07-29,1831.20,31.70,1.76,1806.60,1832.60,1806.10,30496,
2021-07-30,1812.60,-18.60,-1.02,1828.00,1830.50,1808.90,3100,
2021-08-02,1818.10,5.50,0.30,1812.40,1818.70,1804.80,1334,
2021-08-03,1810.10,-8.00,-0.44,1812.30,1813.50,1806.00,3341,
2021-08-04,1810.50,0.40,0.02,1809.30,1831.30,1806.30,2860,
2021-08-05,1805.10,-5.40,-0.30,1810.80,1813.70,1796.00,588,
2021-08-06,1760.00,-45.10,-2.50,1799.80,1800.10,1758.40,859,
2021-08-09,1723.40,-36.60,-2.08,1753.50,1753.80,1692.60,1621,
2021-08-10,1728.80,5.40,0.31,1728.60,1735.20,1720.10,1363,
2021-08-11,1750.40,21.60,1.25,1727.30,1752.20,1727.30,542,
2021-08-12,1749.00,-1.40,-0.08,1749.70,1752.40,1745.50,739,
2021-08-13,1775.20,26.20,1.50,1758.30,1777.30,1757.40,436,
2021-08-16,1786.90,11.70,0.66,1776.90,1787.80,1771.90,219,
2021-08-17,1785.00,-1.90,-0.11,1787.70,1794.20,1780.00,200,
2021-08-18,1781.60,-3.40,-0.19,1787.80,1791.50,1779.00,263,
2021-08-19,1780.20,-1.40,-0.08,1780.00,1789.30,1775.50,245,
2021-08-20,1781.00,0.80,0.04,1784.10,1787.50,1778.20,235,
2021-08-23,1803.20,22.20,1.25,1776.80,1804.80,1776.80,32,
2021-08-24,1805.60,2.40,0.13,1801.00,1805.60,1801.00,22,
2021-08-25,1788.20,-17.40,-0.96,1792.00,1792.90,1784.00,812,
2021-08-26,1792.20,4.00,0.22,1787.40,1792.20,1781.00,61,
2021-08-27,1816.60,24.40,1.36,1803.40,1816.60,1803.10,1219,
2021-08-30,1809.00,-7.60,-0.42,1818.20,1820.30,1807.80,684,
2021-08-31,1815.00,6.00,0.33,1815.90,1815.90,1801.10,82,
2021-09-01,1813.10,-1.90,-0.10,1813.50,1815.90,1809.50,114,
2021-09-02,1808.70,-4.40,-0.24,1813.20,1813.90,1806.80,26,
2021-09-03,1830.90,22.20,1.23,1820.90,1833.90,1818.90,53,
2021-09-07,1795.90,-35.00,-1.91,1825.70,1825.70,1792.70,48,
2021-09-08,1790.70,-5.20,-0.29,1781.70,1790.70,1781.70,69,
2021-09-09,1797.40,6.70,0.37,1798.70,1798.70,1787.90,49,
2021-09-10,1789.60,-7.80,-0.43,1789.60,1789.60,1789.60,0,
2021-09-13,1792.00,2.40,0.13,1789.80,1796.00,1784.00,533,
2021-09-14,1804.70,12.70,0.71,1791.40,1806.20,1783.00,764,
2021-09-15,1792.40,-12.30,-0.68,1803.70,1803.70,1792.40,59,
2021-09-16,1754.60,-37.80,-2.11,1792.90,1792.90,1743.90,1645,
2021-09-17,1749.40,-5.20,-0.30,1758.80,1763.00,1749.40,581,
2021-09-20,1761.80,12.40,0.71,1751.80,1761.80,1750.90,185,
2021-09-21,1776.00,14.20,0.81,1762.20,1776.00,1759.00,106,
2021-09-22,1776.70,0.70,0.04,1776.70,1784.30,1767.00,17,
2021-09-23,1747.70,-29.00,-1.63,1766.80,1766.80,1738.20,31,
2021-09-24,1749.70,2.00,0.11,1749.70,1749.70,1745.00,76,
2021-09-27,1750.00,0.30,0.02,1751.70,1754.40,1747.50,808,
2021-09-28,1735.80,-14.20,-0.81,1739.60,1741.70,1726.80,15748,
2021-09-29,1721.50,-14.30,-0.82,1732.40,1744.10,1721.40,6634,
2021-09-30,1755.30,33.80,1.96,1725.50,1760.30,1724.50,997,
2021-10-01,1757.00,1.70,0.10,1754.30,1762.60,1748.50,2220,
2021-10-04,1766.20,9.20,0.52,1764.50,1768.90,1749.50,417,
2021-10-05,1759.60,-6.60,-0.37,1764.30,1764.30,1749.00,98,
2021-10-06,1760.50,0.90,0.05,1759.30,1762.90,1744.70,56,
2021-10-07,1757.90,-2.60,-0.15,1762.40,1762.40,1752.80,336,
2021-10-08,1756.30,-1.60,-0.09,1757.00,1780.00,1754.20,254,
2021-10-11,1754.60,-1.70,-0.10,1756.60,1757.80,1752.20,128,
2021-10-12,1758.30,3.70,0.21,1751.90,1768.00,1749.80,139,
2021-10-13,1793.70,35.40,2.01,1760.80,1794.50,1760.80,150,
2021-10-14,1796.70,3.00,0.17,1792.20,1799.90,1792.00,337,
2021-10-15,1767.20,-29.50,-1.64,1794.50,1795.40,1766.60,874,
2021-10-18,1764.80,-2.40,-0.14,1761.60,1770.10,1759.50,266,
2021-10-19,1769.70,4.90,0.28,1777.60,1785.00,1767.50,51,
2021-10-20,1784.10,14.40,0.81,1774.60,1785.60,1774.00,127,
2021-10-21,1781.20,-2.90,-0.16,1782.00,1785.70,1781.00,146,
2021-10-22,1795.50,14.30,0.80,1787.10,1806.90,1784.00,532,
2021-10-25,1806.00,10.50,0.58,1794.30,1809.00,1794.00,140,
2021-10-26,1792.70,-13.30,-0.74,1808.80,1808.80,1788.60,359,
2021-10-27,1797.90,5.20,0.29,1791.50,1798.10,1791.50,543,
2021-10-28,1801.60,3.70,0.21,1795.50,1807.30,1795.50,452,
2021-10-29,1783.00,-18.60,-1.03,1793.10,1797.00,1774.60,583,
2021-11-01,1795.10,12.10,0.68,1787.50,1795.10,1786.70,142,
2021-11-02,1788.70,-6.40,-0.36,1790.50,1795.50,1787.70,213,
2021-11-03,1763.60,-25.10,-1.40,1768.00,1768.00,1761.80,108,
2021-11-04,1793.00,29.40,1.67,1776.60,1798.20,1776.20,103,
2021-11-05,1816.40,23.40,1.31,1794.90,1817.10,1794.90,239,
2021-11-08,1827.40,11.00,0.61,1817.00,1827.40,1816.90,261,
2021-11-09,1830.20,2.80,0.15,1826.10,1832.70,1820.70,170,
2021-11-10,1847.60,17.40,0.95,1825.80,1865.00,1824.90,795,
2021-11-11,1863.20,15.60,0.84,1853.90,1866.50,1853.90,292,
2021-11-12,1867.90,4.70,0.25,1860.80,1867.90,1847.60,210,
2021-11-15,1866.10,-1.80,-0.10,1864.50,1866.90,1864.50,87,
2021-11-16,1853.60,-12.50,-0.67,1853.60,1853.60,1853.60,1,
2021-11-17,1869.70,16.10,0.87,1862.60,1869.70,1862.60,2,
2021-11-18,1861.00,-8.70,-0.47,1861.00,1861.00,1861.00,9,
2021-11-19,1851.20,-9.80,-0.53,1851.20,1851.20,1851.20,21,
2021-11-22,1806.00,-45.20,-2.44,1841.60,1841.60,1805.70,14,
2021-11-23,1783.50,-22.50,-1.25,1795.50,1795.50,1783.50,264,
2021-11-24,1784.10,0.60,0.03,1793.00,1793.00,1781.40,188,
2021-11-26,1785.30,1.20,0.07,1791.10,1791.40,1785.30,186800,
2021-11-29,1782.30,-3.00,-0.17,1791.70,1798.90,1779.10,26926,
2021-11-30,1773.60,-8.70,-0.49,1783.90,1808.10,1768.70,4903,
2021-12-01,1781.60,8.00,0.45,1774.80,1790.50,1772.30,1128,
2021-12-02,1760.70,-20.90,-1.17,1780.90,1780.90,1760.60,1557,
2021-12-03,1782.00,21.30,1.21,1767.50,1785.10,1766.50,694,
2021-12-06,1777.50,-4.50,-0.25,1780.20,1783.00,1777.20,381,
2021-12-07,1782.60,5.10,0.29,1779.50,1786.10,1772.30,308,
2021-12-08,1783.40,0.80,0.04,1789.90,1789.90,1779.00,1383,
2021-12-09,1774.60,-8.80,-0.49,1783.50,1783.50,1771.80,455,
2021-12-10,1782.90,8.30,0.47,1773.80,1785.40,1769.10,545,
2021-12-13,1786.30,3.40,0.19,1784.40,1787.10,1783.80,206,
2021-12-14,1770.40,-15.90,-0.89,1787.00,1787.00,1769.00,322,
2021-12-15,1762.60,-7.80,-0.44,1767.40,1778.70,1753.90,283,
2021-12-16,1796.60,34.00,1.93,1781.00,1798.10,1781.00,21,
2021-12-17,1803.80,7.20,0.40,1804.00,1812.90,1803.80,654,
2021-12-20,1793.70,-10.10,-0.56,1796.80,1799.80,1792.00,226,
2021-12-21,1787.90,-5.80,-0.32,1791.40,1796.50,1787.90,575,
2021-12-22,1801.60,13.70,0.77,1786.00,1805.20,1785.50,567,
2021-12-23,1811.20,9.60,0.53,1806.00,1811.20,1800.80,193,
2021-12-27,1808.10,-3.10,-0.17,1810.00,1812.10,1807.00,150,
2021-12-28,1810.20,2.10,0.12,1812.00,1818.00,1805.50,146,
2021-12-29,1805.10,-5.10,-0.28,1803.20,1805.10,1791.40,623,
2021-12-30,1812.70,7.60,0.42,1801.70,1816.00,1796.00,306,
2021-12-31,1827.50,14.80,0.82,1825.10,1827.80,1821.40,80,
2022-01-03,1799.40,-28.10,-1.54,1830.10,1830.10,1798.80,116,
2022-01-04,1814.00,14.60,0.81,1800.50,1815.30,1800.00,38,
2022-01-05,1824.60,10.60,0.58,1813.10,1824.60,1813.10,8,
2022-01-06,1788.70,-35.90,-1.97,1787.10,1791.30,1787.10,30,
2022-01-07,1797.00,8.30,0.46,1791.80,1797.00,1784.40,17,
2022-01-10,1798.40,1.40,0.08,1794.90,1798.70,1790.40,534,
2022-01-11,1818.60,20.20,1.12,1803.90,1822.50,1803.00,743,
2022-01-12,1827.20,8.60,0.47,1819.00,1827.20,1816.90,1547,
2022-01-13,1821.20,-6.00,-0.33,1819.80,1823.00,1815.40,40,
2022-01-14,1816.50,-4.70,-0.26,1821.50,1822.00,1816.50,816,
2022-01-18,1812.30,-4.20,-0.23,1816.80,1820.10,1812.30,900,
2022-01-19,1843.10,30.80,1.70,1817.40,1843.10,1817.40,4,
2022-01-20,1842.50,-0.60,-0.03,1840.60,1843.00,1838.20,20,
2022-01-21,1831.80,-10.70,-0.58,1838.00,1842.40,1828.90,19,
2022-01-24,1841.70,9.90,0.54,1837.90,1842.10,1837.90,8,
2022-01-25,1852.70,11.00,0.60,1843.00,1852.70,1842.00,11,
2022-01-26,1829.90,-22.80,-1.23,1829.90,1829.90,1829.90,55,
2022-01-27,1793.30,-36.60,-2.00,1793.30,1793.30,1793.30,196036,
2022-01-28,1784.90,-8.40,-0.47,1797.50,1798.40,1778.80,28521,
2022-01-31,1795.00,10.10,0.57,1788.50,1798.50,1785.10,1735,
2022-02-01,1800.30,5.30,0.30,1797.20,1806.10,1797.10,223,
2022-02-02,1809.20,8.90,0.49,1797.80,1810.10,1795.10,1690,
2022-02-03,1803.00,-6.20,-0.34,1805.80,1808.10,1787.90,466,
2022-02-04,1806.60,3.60,0.20,1806.00,1813.70,1792.50,571,
2022-02-07,1820.60,14.00,0.77,1812.20,1821.30,1809.10,601,
2022-02-08,1826.60,6.00,0.33,1818.90,1827.60,1815.00,108,
2022-02-09,1835.20,8.60,0.47,1825.40,1835.20,1825.30,683,
2022-02-10,1836.20,1.00,0.05,1833.30,1842.10,1820.80,365,
2022-02-11,1840.80,4.60,0.25,1822.00,1864.80,1822.00,181,
2022-02-14,1868.00,27.20,1.48,1861.80,1870.60,1854.60,79,
2022-02-15,1854.80,-13.20,-0.71,1872.60,1879.70,1847.40,86,
2022-02-16,1870.20,15.40,0.83,1858.70,1870.20,1856.30,34,
2022-02-17,1900.70,30.50,1.63,1876.30,1900.70,1876.20,393,
2022-02-18,1898.60,-2.10,-0.11,1899.40,1899.40,1890.70,51,
2022-02-22,1906.10,7.50,0.40,1908.10,1912.00,1890.80,173,
2022-02-23,1909.20,3.10,0.16,1896.60,1910.60,1895.70,73,
2022-02-24,1925.10,15.90,0.83,1911.90,1972.50,1911.70,2706,
2022-02-25,1886.50,-38.60,-2.01,1906.90,1920.00,1883.60,586,
2022-02-28,1899.40,12.90,0.68,1928.30,1928.40,1894.20,390,
2022-03-01,1942.40,43.00,2.26,1908.30,1942.40,1903.80,547,
2022-03-02,1920.90,-21.50,-1.11,1945.60,1948.20,1919.80,109,
2022-03-03,1934.40,13.50,0.70,1930.50,1940.30,1924.80,122,
2022-03-04,1965.10,30.70,1.59,1937.00,1970.90,1935.60,47,
2022-03-07,1993.90,28.80,1.47,1989.00,2001.10,1963.00,2516,
2022-03-08,2040.10,46.20,2.32,1999.40,2072.00,1998.00,1813,
2022-03-09,1985.90,-54.20,-2.66,2053.60,2063.00,1980.80,1022,
2022-03-10,1998.10,12.20,0.61,1978.10,2010.50,1978.10,670,
2022-03-11,1982.70,-15.40,-0.77,1985.00,1996.00,1959.90,865,
2022-03-14,1959.60,-23.10,-1.17,1976.50,1977.70,1959.60,145,
2022-03-15,1928.50,-31.10,-1.59,1939.80,1939.90,1910.70,71,
2022-03-16,1908.00,-20.50,-1.06,1922.40,1922.40,1907.20,104,
2022-03-17,1942.10,34.10,1.79,1933.90,1947.20,1933.90,39,
2022-03-18,1928.20,-13.90,-0.72,1934.50,1939.30,1928.20,28,
2022-03-21,1928.60,0.40,0.02,1925.40,1928.60,1925.00,5,
2022-03-22,1920.70,-7.90,-0.41,1920.70,1920.70,1920.70,26,
2022-03-23,1936.60,15.90,0.83,1936.60,1936.60,1936.60,204,
2022-03-24,1961.60,25.00,1.29,1963.60,1964.00,1961.60,8,
2022-03-25,1953.80,-7.80,-0.40,1953.80,1953.80,1953.80,83,
2022-03-28,1939.60,-14.20,-0.73,1932.60,1939.60,1932.60,7,
2022-03-29,1912.00,-27.60,-1.42,1893.50,1912.00,1893.50,128051,
2022-03-30,1933.50,21.50,1.12,1918.40,1937.00,1914.50,17765,
2022-03-31,1949.20,15.70,0.81,1933.50,1949.90,1919.10,3617,
2022-04-01,1919.10,-30.10,-1.54,1935.00,1938.00,1917.00,1016,
2022-04-04,1929.20,10.10,0.53,1921.20,1936.10,1915.60,371,
2022-04-05,1922.90,-6.30,-0.33,1927.10,1943.50,1918.40,412,
2022-04-06,1918.40,-4.50,-0.23,1916.70,1931.80,1916.70,138,
2022-04-07,1933.80,15.40,0.80,1919.50,1934.80,1919.50,311,
2022-04-08,1941.60,7.80,0.40,1928.80,1947.70,1928.80,153,
2022-04-11,1944.30,2.70,0.14,1946.60,1968.40,1941.80,163,
2022-04-12,1972.10,27.80,1.43,1952.50,1977.10,1950.60,246,
2022-04-13,1981.00,8.90,0.45,1969.50,1981.00,1969.50,204,
2022-04-14,1970.90,-10.10,-0.51,1977.20,1978.70,1963.00,101,
2022-04-18,1982.90,12.00,0.61,1973.40,1997.10,1972.80,196,
2022-04-19,1955.70,-27.20,-1.37,1973.80,1978.30,1945.70,130,
2022-04-20,1952.30,-3.40,-0.17,1945.50,1953.60,1945.50,621,
2022-04-21,1944.90,-7.40,-0.38,1942.50,1944.90,1942.50,4,
2022-04-22,1931.00,-13.90,-0.71,1949.60,1950.40,1930.20,178,
2022-04-25,1893.20,-37.80,-1.96,1925.00,1925.00,1889.30,748,
2022-04-26,1901.40,8.20,0.43,1900.50,1909.10,1894.00,302,
2022-04-27,1885.90,-15.50,-0.82,1897.80,1900.60,1882.20,1786,
2022-04-28,1888.70,2.80,0.15,1883.80,1893.00,1872.90,513,
2022-04-29,1909.30,20.60,1.09,1902.70,1918.20,1902.40,132,
2022-05-02,1861.80,-47.50,-2.49,1896.70,1896.80,1853.00,385,
2022-05-03,1868.80,7.00,0.38,1868.80,1868.80,1868.80,466,
2022-05-04,1867.00,-1.80,-0.10,1867.00,1867.00,1867.00,1,
2022-05-05,1874.00,7.00,0.37,1897.00,1904.30,1874.00,80,
2022-05-06,1881.20,7.20,0.38,1874.70,1890.30,1871.50,214,
2022-05-09,1857.10,-24.10,-1.28,1866.60,1867.50,1854.00,304,
2022-05-10,1839.90,-17.20,-0.93,1839.90,1839.90,1839.90,1540,
2022-05-11,1852.60,12.70,0.69,1841.50,1852.60,1841.00,892,
2022-05-12,1823.80,-28.80,-1.55,1849.80,1851.90,1822.20,153,
2022-05-13,1807.40,-16.40,-0.90,1825.00,1825.00,1807.40,335,
2022-05-16,1813.50,6.10,0.34,1790.50,1813.50,1787.00,34,
2022-05-17,1818.20,4.70,0.26,1824.90,1828.60,1816.70,121,
2022-05-18,1815.90,-2.30,-0.13,1815.00,1819.70,1805.00,311,
2022-05-19,1841.20,25.30,1.39,1810.90,1841.20,1810.70,138,
2022-05-20,1841.80,0.60,0.03,1839.10,1841.80,1836.30,110,
2022-05-23,1847.80,6.00,0.33,1846.30,1863.00,1845.80,216,
2022-05-24,1865.10,17.30,0.94,1852.50,1867.00,1852.50,33,
2022-05-25,1846.20,-18.90,-1.01,1846.20,1846.20,1846.20,0,
2022-05-26,1847.40,1.20,0.07,1840.40,1847.40,1840.40,123355,
2022-05-27,1851.30,3.90,0.21,1848.30,1860.70,1845.90,30091,
2022-05-31,1842.70,-8.60,-0.46,1850.30,1862.10,1832.80,4073,
2022-06-01,1843.30,0.60,0.03,1831.00,1847.90,1825.30,1623,
2022-06-02,1866.50,23.20,1.26,1845.40,1868.70,1842.10,551,
2022-06-03,1845.40,-21.10,-1.13,1867.60,1871.80,1845.40,53,
2022-06-06,1839.20,-6.20,-0.34,1849.00,1854.10,1839.20,142,
2022-06-07,1847.50,8.30,0.45,1836.90,1851.60,1835.00,1168,
2022-06-08,1851.90,4.40,0.24,1844.80,1855.00,1844.40,218,
2022-06-09,1848.80,-3.10,-0.17,1846.10,1850.10,1837.90,159,
2022-06-10,1871.50,22.70,1.23,1842.70,1875.60,1823.90,1490,
2022-06-13,1828.00,-43.50,-2.32,1873.80,1873.80,1818.70,127,
2022-06-14,1809.50,-18.50,-1.01,1825.00,1825.50,1805.30,536,
2022-06-15,1815.30,5.80,0.32,1814.10,1839.00,1810.80,108,
2022-06-16,1845.70,30.40,1.67,1819.20,1850.60,1814.90,136,
2022-06-17,1835.60,-10.10,-0.55,1853.70,1853.70,1833.60,170,
2022-06-21,1834.60,-1.00,-0.05,1835.30,1838.60,1830.10,216,
2022-06-22,1834.30,-0.30,-0.02,1829.50,1842.70,1821.60,115,
2022-06-23,1825.70,-8.60,-0.47,1835.50,1841.20,1825.70,9,
2022-06-24,1826.50,0.80,0.04,1820.50,1826.50,1815.80,61,
2022-06-27,1820.90,-5.60,-0.31,1830.50,1830.70,1819.90,77,
2022-06-28,1817.50,-3.40,-0.19,1824.20,1826.00,1817.50,391,
2022-06-29,1813.70,-3.80,-0.21,1818.30,1830.30,1812.80,173,
2022-06-30,1804.10,-9.60,-0.53,1809.60,1817.30,1801.00,328,
2022-07-01,1798.90,-5.20,-0.29,1795.50,1806.10,1791.60,77,
2022-07-05,1761.80,-37.10,-2.06,1805.40,1805.40,1761.80,64,
2022-07-06,1734.90,-26.90,-1.53,1762.50,1768.00,1734.00,1729,
2022-07-07,1737.90,3.00,0.17,1745.20,1745.20,1737.00,1869,
2022-07-08,1740.60,2.70,0.16,1738.10,1749.30,1732.10,370,
2022-07-11,1730.00,-10.60,-0.61,1732.50,1736.70,1730.00,75,
2022-07-12,1723.30,-6.70,-0.39,1734.20,1735.50,1723.30,451,
2022-07-13,1734.20,10.90,0.63,1710.00,1734.20,1710.00,368,
2022-07-14,1704.50,-29.70,-1.71,1710.30,1710.50,1704.50,1289,
2022-07-15,1702.40,-2.10,-0.12,1705.40,1709.70,1701.10,721,
2022-07-18,1709.20,6.80,0.40,1712.20,1712.40,1709.20,264,
2022-07-19,1710.00,0.80,0.05,1712.30,1714.40,1706.10,1684,
2022-07-20,1699.50,-10.50,-0.61,1707.10,1708.50,1699.50,130,
2022-07-21,1712.70,13.20,0.78,1687.00,1715.50,1679.80,183,
2022-07-22,1727.10,14.40,0.84,1713.30,1735.00,1713.00,61,
2022-07-25,1719.00,-8.10,-0.47,1727.00,1732.00,1719.00,67,
2022-07-26,1717.70,-1.30,-0.08,1718.00,1718.00,1717.70,1,
2022-07-27,1719.10,1.40,0.08,1719.10,1719.10,1719.10,144865,
2022-07-28,1750.30,31.20,1.81,1732.30,1755.00,1732.00,37236,
2022-07-29,1762.90,12.60,0.72,1754.00,1765.70,1750.00,3485,
2022-08-01,1769.00,6.10,0.35,1763.90,1772.50,1756.10,705,
2022-08-02,1771.10,2.10,0.12,1772.10,1786.60,1759.40,1078,
2022-08-03,1758.00,-13.10,-0.74,1756.70,1770.50,1753.00,399,
2022-08-04,1788.50,30.50,1.73,1769.40,1792.10,1767.70,285,
2022-08-05,1772.90,-15.60,-0.87,1791.20,1791.40,1764.20,645,
2022-08-08,1786.80,13.90,0.78,1771.80,1786.80,1771.80,127,
2022-08-09,1794.00,7.20,0.40,1790.00,1796.10,1789.00,249,
2022-08-10,1795.60,1.60,0.09,1804.40,1804.90,1787.80,601,
2022-08-11,1789.70,-5.90,-0.33,1794.30,1794.30,1785.70,1235,
2022-08-12,1798.60,8.90,0.50,1786.30,1800.40,1784.30,187,
2022-08-15,1781.40,-17.20,-0.96,1799.00,1799.00,1774.70,64,
2022-08-16,1773.20,-8.20,-0.46,1777.40,1777.40,1771.40,308,
2022-08-17,1760.30,-12.90,-0.73,1769.70,1769.70,1760.00,23,
2022-08-18,1755.30,-5.00,-0.28,1762.90,1762.90,1753.40,321,
2022-08-19,1747.60,-7.70,-0.44,1753.70,1754.30,1747.50,49,
2022-08-22,1734.00,-13.60,-0.78,1740.50,1740.50,1726.50,347,
2022-08-23,1746.80,12.80,0.74,1738.00,1748.90,1731.90,509,
2022-08-24,1747.80,1.00,0.06,1745.00,1751.80,1743.60,187,
2022-08-25,1757.70,9.90,0.57,1761.60,1761.80,1755.00,172,
2022-08-26,1736.10,-21.60,-1.23,1754.00,1755.00,1736.10,202,
2022-08-29,1736.60,0.50,0.03,1732.40,1741.20,1732.10,950,
2022-08-30,1723.20,-13.40,-0.77,1736.40,1739.00,1720.70,385,
2022-08-31,1712.80,-10.40,-0.60,1718.30,1720.90,1708.50,2133,
2022-09-01,1696.60,-16.20,-0.95,1707.90,1707.90,1693.90,683,
2022-09-02,1709.80,13.20,0.78,1703.40,1715.70,1703.10,182,
2022-09-06,1700.40,-9.40,-0.55,1709.70,1717.40,1699.70,697,
2022-09-07,1715.30,14.90,0.88,1694.80,1715.30,1694.70,651,
2022-09-08,1708.00,-7.30,-0.43,1718.20,1718.20,1705.30,1193,
2022-09-09,1716.20,8.20,0.48,1719.20,1720.00,1712.80,635,
2022-09-12,1728.10,11.90,0.69,1727.40,1728.10,1727.40,68,
2022-09-13,1705.00,-23.10,-1.34,1720.50,1720.50,1697.30,432,
2022-09-14,1696.50,-8.50,-0.50,1698.70,1701.80,1696.50,532,
2022-09-15,1665.40,-31.10,-1.83,1685.50,1686.00,1662.30,1125,
2022-09-16,1671.70,6.30,0.38,1660.40,1674.90,1651.70,464,
2022-09-19,1666.20,-5.50,-0.33,1661.80,1669.40,1658.50,580,
2022-09-20,1659.70,-6.50,-0.39,1659.70,1659.70,1659.70,2830,
2022-09-21,1664.60,4.90,0.30,1665.50,1680.10,1664.60,2337,
2022-09-22,1670.80,6.20,0.37,1668.30,1670.80,1668.30,973,
2022-09-23,1645.30,-25.50,-1.53,1667.00,1667.00,1645.30,1224,
2022-09-26,1623.30,-22.00,-1.34,1623.30,1623.30,1623.30,1205,
2022-09-27,1626.70,3.40,0.21,1632.20,1636.60,1626.70,888,
2022-09-28,1660.40,33.70,2.07,1620.40,1660.40,1620.40,18311,
2022-09-29,1658.50,-1.90,-0.11,1657.00,1662.60,1640.00,6028,
2022-09-30,1662.40,3.90,0.24,1661.70,1672.70,1658.00,548,
2022-10-03,1692.90,30.50,1.83,1667.20,1700.00,1661.90,410,
2022-10-04,1721.10,28.20,1.67,1701.20,1728.00,1696.00,291,
2022-10-05,1711.40,-9.70,-0.56,1724.10,1726.60,1703.00,418,
2022-10-06,1711.70,0.30,0.02,1721.00,1723.30,1709.10,133,
2022-10-07,1700.50,-11.20,-0.65,1710.10,1710.10,1693.70,179,
2022-10-10,1667.30,-33.20,-1.95,1693.40,1693.40,1667.00,195,
2022-10-11,1678.70,11.40,0.68,1661.80,1678.70,1661.00,167,
2022-10-12,1670.30,-8.40,-0.50,1668.00,1672.70,1668.00,149,
2022-10-13,1670.00,-0.30,-0.02,1675.20,1675.30,1641.50,729,
2022-10-14,1641.70,-28.30,-1.69,1665.30,1667.00,1640.00,82,
2022-10-17,1657.00,15.30,0.93,1650.20,1657.00,1646.80,238,
2022-10-18,1649.00,-8.00,-0.48,1651.40,1655.20,1649.00,597,
2022-10-19,1627.50,-21.50,-1.30,1637.50,1637.50,1627.50,84,
2022-10-20,1630.80,3.30,0.20,1622.80,1641.40,1622.80,477,
2022-10-21,1651.00,20.20,1.24,1634.10,1653.90,1634.10,224,
2022-10-24,1648.70,-2.30,-0.14,1662.70,1662.70,1648.70,29,
2022-10-25,1652.80,4.10,0.25,1648.20,1652.80,1637.30,880,
2022-10-26,1664.00,11.20,0.68,1649.80,1667.00,1649.80,89,
2022-10-27,1660.70,-3.30,-0.20,1660.70,1660.70,1660.70,2298,
2022-10-28,1639.60,-21.10,-1.27,1661.00,1661.00,1638.70,626,
2022-10-31,1635.90,-3.70,-0.23,1641.80,1641.80,1633.40,522,
2022-11-01,1645.00,9.10,0.56,1630.80,1653.70,1630.80,985,
2022-11-02,1645.70,0.70,0.04,1650.80,1664.70,1634.00,612,
2022-11-03,1627.30,-18.40,-1.12,1629.20,1629.20,1615.10,1427,
2022-11-04,1672.50,45.20,2.78,1630.20,1674.50,1629.00,159,
2022-11-07,1676.50,4.00,0.24,1676.90,1677.90,1672.90,42,
2022-11-08,1712.10,35.60,2.12,1703.20,1712.10,1703.20,23,
2022-11-09,1710.10,-2.00,-0.12,1707.40,1720.20,1706.00,497,
2022-11-10,1750.30,40.20,2.35,1708.20,1750.30,1708.20,325,
2022-11-11,1766.00,15.70,0.90,1763.80,1766.00,1757.60,257,
2022-11-14,1773.60,7.60,0.43,1762.00,1773.60,1761.60,358,
2022-11-15,1773.80,0.20,0.01,1770.80,1773.80,1769.90,57,
2022-11-16,1773.00,-0.80,-0.05,1776.60,1778.90,1773.00,303,
2022-11-17,1760.80,-12.20,-0.69,1763.00,1763.00,1756.00,18,
2022-11-18,1751.90,-8.90,-0.51,1763.30,1763.30,1747.60,414,
2022-11-21,1737.40,-14.50,-0.83,1739.00,1744.90,1736.10,544,
2022-11-22,1738.30,0.90,0.05,1741.70,1741.70,1738.30,15,
2022-11-23,1744.90,6.60,0.38,1736.50,1750.90,1736.50,39,
2022-11-25,1753.30,8.40,0.48,1753.00,1757.90,1749.20,216,
2022-11-28,1740.10,-13.20,-0.75,1741.30,1741.30,1740.10,132767,
2022-11-29,1748.40,8.30,0.48,1739.50,1758.20,1737.90,19416,
2022-11-30,1746.00,-2.40,-0.14,1748.10,1769.40,1745.10,3339,
2022-12-01,1801.10,55.10,3.16,1768.70,1803.70,1768.70,1053,
2022-12-02,1795.90,-5.20,-0.29,1802.00,1802.30,1779.40,1725,
2022-12-05,1767.40,-28.50,-1.59,1795.70,1808.00,1764.30,1713,
2022-12-06,1769.30,1.90,0.11,1768.60,1779.40,1767.90,105,
2022-12-07,1785.50,16.20,0.92,1769.30,1790.30,1769.30,422,
2022-12-08,1788.70,3.20,0.18,1782.00,1790.90,1782.00,713,
2022-12-09,1798.10,9.40,0.53,1794.90,1804.30,1791.10,125,
2022-12-12,1780.50,-17.60,-0.98,1787.30,1793.90,1777.70,85,
2022-12-13,1813.90,33.40,1.88,1780.70,1819.80,1780.50,205,
2022-12-14,1807.50,-6.40,-0.35,1810.80,1812.80,1797.90,1074,
2022-12-15,1777.20,-30.30,-1.68,1801.00,1801.00,1774.80,421,
2022-12-16,1790.00,12.80,0.72,1777.90,1791.40,1777.90,206,
2022-12-19,1787.70,-2.30,-0.13,1791.60,1796.30,1785.60,79,
2022-12-20,1815.90,28.20,1.58,1786.50,1821.40,1786.50,51,
2022-12-21,1815.90,0.00,0.00,1817.40,1821.40,1814.40,35,
2022-12-22,1787.00,-28.90,-1.59,1818.10,1818.10,1785.00,411,
2022-12-23,1795.90,8.90,0.50,1794.30,1802.80,1794.10,49,
2022-12-27,1814.80,18.90,1.05,1803.40,1826.30,1803.40,69,
2022-12-28,1807.90,-6.90,-0.38,1803.20,1807.90,1803.10,434,
2022-12-29,1819.50,11.60,0.64,1805.80,1819.50,1805.80,277,
2022-12-30,1819.70,0.20,0.01,1817.00,1822.30,1816.80,95,
2023-01-03,1839.70,20.00,1.10,1836.20,1839.70,1836.20,29,
2023-01-04,1852.80,13.10,0.71,1845.60,1859.10,1845.60,25,
2023-01-05,1834.80,-18.00,-0.97,1855.20,1855.20,1834.80,24,
2023-01-06,1864.20,29.40,1.60,1838.40,1868.20,1835.30,26,
2023-01-09,1872.70,8.50,0.46,1867.00,1880.00,1867.00,62,
2023-01-10,1871.60,-1.10,-0.06,1877.80,1878.10,1871.60,101,
2023-01-11,1874.60,3.00,0.16,1873.10,1877.80,1873.10,1236,
2023-01-12,1895.50,20.90,1.11,1877.20,1897.40,1877.20,59,
2023-01-13,1918.40,22.90,1.21,1899.00,1920.90,1898.30,512,
2023-01-17,1907.20,-11.20,-0.58,1920.10,1920.10,1905.20,706,
2023-01-18,1904.40,-2.80,-0.15,1911.10,1911.10,1903.10,1027,
2023-01-19,1922.10,17.70,0.93,1922.10,1931.80,1922.10,371,
2023-01-20,1926.40,4.30,0.22,1922.10,1928.50,1921.40,1346,
2023-01-23,1927.10,0.70,0.04,1926.50,1927.10,1915.00,218,
2023-01-24,1933.90,6.80,0.35,1931.80,1936.80,1931.80,201,
2023-01-25,1941.20,7.30,0.38,1941.20,1941.20,1939.80,7,
2023-01-26,1929.10,-12.10,-0.62,1936.60,1937.10,1927.10,131,
2023-01-27,1928.60,-0.50,-0.03,1928.60,1928.60,1928.60,150902,
2023-01-30,1922.90,-5.70,-0.30,1928.30,1933.60,1920.30,27220,
2023-01-31,1929.50,6.60,0.34,1923.00,1930.40,1900.60,1910,
2023-02-01,1927.80,-1.70,-0.09,1927.20,1955.00,1922.00,2290,
2023-02-02,1916.30,-11.50,-0.60,1952.30,1959.10,1911.30,748,
2023-02-03,1862.90,-53.40,-2.79,1912.40,1917.00,1861.50,992,
2023-02-06,1866.20,3.30,0.18,1865.60,1880.00,1863.40,424,
2023-02-07,1871.70,5.50,0.29,1870.00,1875.70,1868.00,297,
2023-02-08,1877.40,5.70,0.30,1872.10,1880.40,1872.10,230,
2023-02-09,1866.20,-11.20,-0.60,1875.30,1884.60,1859.80,223,
2023-02-10,1862.80,-3.40,-0.18,1861.60,1863.50,1852.40,27,
2023-02-13,1851.90,-10.90,-0.59,1859.00,1861.00,1850.00,569,
2023-02-14,1854.00,2.10,0.11,1854.10,1862.00,1846.20,656,
2023-02-15,1834.20,-19.80,-1.07,1842.00,1842.00,1828.20,368,
2023-02-16,1842.00,7.80,0.43,1838.60,1843.70,1827.20,222,
2023-02-17,1840.40,-1.60,-0.09,1827.40,1842.20,1818.40,35,
2023-02-21,1833.00,-7.40,-0.40,1842.60,1843.00,1833.00,862,
2023-02-22,1832.00,-1.00,-0.05,1835.70,1836.20,1825.10,278,
2023-02-23,1818.00,-14.00,-0.76,1826.40,1827.50,1818.00,291,
2023-02-24,1808.80,-9.20,-0.51,1808.80,1808.80,1808.80,404,
2023-02-27,1817.00,8.20,0.45,1811.60,1817.50,1808.90,829,
2023-02-28,1828.90,11.90,0.65,1808.10,1830.00,1808.10,618,
2023-03-01,1837.70,8.80,0.48,1827.10,1841.70,1827.10,211,
2023-03-02,1833.50,-4.20,-0.23,1830.00,1836.30,1830.00,154,
2023-03-03,1847.70,14.20,0.77,1837.30,1855.40,1837.30,61,
2023-03-06,1847.90,0.20,0.01,1853.30,1853.80,1844.20,5,
2023-03-07,1813.90,-34.00,-1.84,1840.90,1840.90,1813.90,450,
2023-03-08,1812.70,-1.20,-0.07,1811.60,1812.90,1811.50,75,
2023-03-09,1829.30,16.60,0.92,1816.40,1829.30,1815.60,332,
2023-03-10,1862.00,32.70,1.79,1852.30,1868.50,1852.00,248,
2023-03-13,1911.70,49.70,2.67,1890.80,1913.10,1875.10,503,
2023-03-14,1906.20,-5.50,-0.29,1912.20,1912.20,1901.10,107,
2023-03-15,1926.60,20.40,1.07,1903.90,1926.60,1898.50,564,
2023-03-16,1919.00,-7.60,-0.39,1909.90,1931.70,1909.90,394,
2023-03-17,1969.80,50.80,2.65,1946.00,1985.10,1946.00,82,
2023-03-20,1979.20,9.40,0.48,1988.30,2003.90,1968.90,389,
2023-03-21,1938.00,-41.20,-2.08,1973.80,1973.80,1938.00,47,
2023-03-22,1946.80,8.80,0.45,1946.80,1974.00,1946.80,50,
2023-03-23,1993.80,47.00,2.41,1990.50,1994.60,1990.50,33,
2023-03-24,1982.10,-11.70,-0.59,1991.70,1995.40,1982.10,19,
2023-03-27,1952.40,-29.70,-1.50,1957.20,1957.20,1952.40,877,
2023-03-28,1972.40,20.00,1.02,1972.40,1972.40,1972.40,21,
2023-03-29,1966.10,-6.30,-0.32,1966.10,1966.10,1966.10,88563,
2023-03-30,1980.30,14.20,0.72,1965.90,1984.40,1954.90,10119,
2023-03-31,1969.00,-11.30,-0.57,1981.30,1986.80,1968.00,957,
2023-04-03,1983.90,14.90,0.76,1968.10,1991.70,1950.00,737,
2023-04-04,2022.20,38.30,1.93,1984.60,2027.10,1979.00,811,
2023-04-05,2020.90,-1.30,-0.06,2022.10,2033.80,2013.60,525,
2023-04-06,2011.90,-9.00,-0.45,2022.20,2023.30,2005.00,0,
2023-04-10,1989.10,-22.80,-1.13,2000.00,2006.60,1984.00,652,
2023-04-11,2004.80,15.70,0.79,1991.40,2006.50,1991.40,68,
2023-04-12,2010.90,6.10,0.30,2005.20,2025.70,2005.20,172,
2023-04-13,2041.30,30.40,1.51,2015.60,2048.60,2015.60,1043,
2023-04-14,2002.20,-39.10,-1.92,2041.00,2047.80,1995.00,718,
2023-04-17,1994.20,-8.00,-0.40,2002.70,2007.60,1983.20,554,
2023-04-18,2007.40,13.20,0.66,1996.90,2007.40,1996.90,72,
2023-04-19,1995.20,-12.20,-0.61,2005.70,2006.40,1969.80,61,
2023-04-20,2007.60,12.40,0.62,1998.00,2007.60,1998.00,164,
2023-04-21,1979.50,-28.10,-1.40,1996.20,1996.20,1974.10,132,
2023-04-24,1989.10,9.60,0.48,1981.30,1989.80,1977.40,145,
2023-04-25,1994.00,4.90,0.25,1995.70,1999.10,1982.30,306,
2023-04-26,1985.70,-8.30,-0.42,1997.80,1998.80,1985.60,615,
2023-04-27,1989.90,4.20,0.21,1990.60,2002.30,1979.90,355,
2023-04-28,1990.10,0.20,0.01,1986.90,1990.10,1977.70,152,
2023-05-01,1983.40,-6.70,-0.34,1980.10,2005.00,1976.90,210,
2023-05-02,2014.30,30.90,1.56,1994.70,2018.00,1994.70,1896,
2023-05-03,2028.60,14.30,0.71,2017.10,2035.10,2015.20,1349,
2023-05-04,2048.00,19.40,0.96,2045.00,2072.00,2040.00,930,
2023-05-05,2017.40,-30.60,-1.49,2046.40,2046.40,2004.30,59,
2023-05-08,2026.30,8.90,0.44,2022.50,2026.30,2022.50,3,
2023-05-09,2036.20,9.90,0.49,2026.60,2037.30,2025.90,241,
2023-05-10,2030.50,-5.70,-0.28,2032.30,2044.30,2029.50,248,
2023-05-11,2014.70,-15.80,-0.78,2034.10,2038.30,2014.00,90,
2023-05-12,2014.50,-0.20,-0.01,2014.50,2014.50,2014.50,115,
2023-05-15,2018.00,3.50,0.17,2013.80,2018.00,2013.80,3,
2023-05-16,1988.40,-29.60,-1.47,1988.40,1988.40,1988.40,49,
2023-05-17,1980.70,-7.70,-0.39,1983.60,1983.60,1980.70,13,
2023-05-18,1956.50,-24.20,-1.22,1956.50,1956.80,1956.50,23,
2023-05-19,1978.70,22.20,1.13,1960.00,1978.70,1960.00,106,
2023-05-22,1974.80,-3.90,-0.20,1980.50,1980.50,1974.80,8,
2023-05-23,1972.40,-2.40,-0.12,1972.40,1972.40,1972.40,1,
2023-05-24,1962.80,-9.60,-0.49,1975.40,1975.40,1962.80,189,
2023-05-25,1943.10,-19.70,-1.00,1943.10,1943.10,1943.10,1,
2023-05-26,1944.10,1.00,0.05,1948.20,1948.40,1944.10,166036,
2023-05-30,1958.00,13.90,0.71,1942.70,1962.60,1931.00,37838,
2023-05-31,1963.90,5.90,0.30,1958.20,1973.00,1953.00,5959,
2023-06-01,1978.00,14.10,0.72,1963.20,1983.00,1954.30,750,
2023-06-02,1952.40,-25.60,-1.29,1977.10,1982.50,1947.40,356,
2023-06-05,1958.00,5.60,0.29,1947.50,1961.90,1937.80,713,
2023-06-06,1965.50,7.50,0.38,1960.80,1965.50,1958.80,164,
2023-06-07,1942.70,-22.80,-1.16,1959.00,1968.40,1940.70,139,
2023-06-08,1963.60,20.90,1.08,1943.20,1969.00,1943.10,433,
2023-06-09,1962.20,-1.40,-0.07,1965.10,1969.80,1960.30,49,
2023-06-12,1955.30,-6.90,-0.35,1959.70,1963.50,1951.40,212,
2023-06-13,1944.60,-10.70,-0.55,1960.60,1967.50,1940.30,343,
2023-06-14,1955.30,10.70,0.55,1946.20,1958.20,1940.30,202,
2023-06-15,1957.80,2.50,0.13,1941.70,1958.80,1926.00,329,
2023-06-16,1958.40,0.60,0.03,1961.40,1962.90,1953.50,119,
2023-06-20,1935.50,-22.90,-1.17,1958.60,1958.60,1931.30,193,
2023-06-21,1933.30,-2.20,-0.11,1935.60,1936.80,1920.00,557,
2023-06-22,1912.70,-20.60,-1.07,1920.00,1921.00,1912.10,237,
2023-06-23,1919.10,6.40,0.33,1918.70,1932.50,1918.70,105,
2023-06-26,1923.70,4.60,0.24,1922.90,1928.50,1922.50,71,
2023-06-27,1914.00,-9.70,-0.50,1927.00,1929.40,1914.00,49,
2023-06-28,1912.30,-1.70,-0.09,1912.30,1912.30,1912.30,628,
2023-06-29,1909.20,-3.10,-0.16,1909.90,1909.90,1892.50,289,
2023-06-30,1921.10,11.90,0.62,1908.60,1921.10,1900.60,445,
2023-07-03,1921.70,0.60,0.03,1917.90,1929.50,1917.90,41,
2023-07-05,1919.60,-2.10,-0.11,1923.50,1933.90,1914.70,193,
2023-07-06,1908.70,-10.90,-0.57,1909.30,1910.20,1903.20,81,
2023-07-07,1926.20,17.50,0.92,1913.40,1934.10,1913.40,61,
2023-07-10,1925.00,-1.20,-0.06,1923.60,1926.10,1912.30,269,
2023-07-11,1931.30,6.30,0.33,1925.00,1937.00,1924.20,142,
2023-07-12,1956.20,24.90,1.29,1932.30,1958.00,1932.20,132,
2023-07-13,1959.20,3.00,0.15,1961.10,1961.10,1953.00,121,
2023-07-14,1960.10,0.90,0.05,1958.40,1960.60,1952.70,94,
2023-07-17,1952.40,-7.70,-0.39,1954.00,1956.50,1946.60,29,
2023-07-18,1977.20,24.80,1.27,1968.80,1978.40,1963.40,83,
2023-07-19,1977.50,0.30,0.02,1977.00,1977.50,1973.00,35,
2023-07-20,1968.30,-9.20,-0.47,1973.70,1973.70,1965.60,638,
2023-07-21,1964.30,-4.00,-0.20,1961.80,1964.30,1961.80,50,
2023-07-24,1960.30,-4.00,-0.20,1965.30,1965.50,1960.30,2,
2023-07-25,1962.10,1.80,0.09,1953.00,1962.50,1953.00,19,
2023-07-26,1968.90,6.80,0.35,1966.20,1972.00,1966.20,51,
2023-07-27,1945.40,-23.50,-1.19,1945.40,1945.40,1945.40,194253,
2023-07-28,1960.40,15.00,0.77,1945.50,1962.20,1944.20,23155,
2023-07-31,1970.50,10.10,0.52,1959.20,1971.60,1950.00,1025,
2023-08-01,1940.70,-29.80,-1.51,1964.90,1965.40,1940.70,688,
2023-08-02,1937.40,-3.30,-0.17,1948.40,1953.60,1933.20,652,
2023-08-03,1932.00,-5.40,-0.28,1934.20,1936.50,1928.00,773,
2023-08-04,1939.60,7.60,0.39,1934.90,1945.00,1920.00,290,
2023-08-07,1933.50,-6.10,-0.31,1941.00,1941.00,1929.80,376,
2023-08-08,1924.10,-9.40,-0.49,1931.70,1933.20,1923.00,555,
2023-08-09,1915.40,-8.70,-0.45,1925.40,1928.80,1913.70,451,
2023-08-10,1914.40,-1.00,-0.05,1921.10,1927.80,1911.40,178,
2023-08-11,1912.90,-1.50,-0.08,1913.00,1916.60,1911.80,57,
2023-08-14,1910.60,-2.30,-0.12,1909.30,1912.60,1903.30,46,
2023-08-15,1902.50,-8.10,-0.42,1906.00,1907.70,1895.00,73,
2023-08-16,1896.10,-6.40,-0.34,1904.50,1904.50,1890.30,22,
2023-08-17,1884.10,-12.00,-0.63,1893.70,1902.40,1884.00,245,
2023-08-18,1886.10,2.00,0.11,1891.80,1891.80,1886.10,19,
2023-08-21,1893.30,7.20,0.38,1893.60,1893.60,1893.30,876,
2023-08-22,1896.40,3.10,0.16,1894.60,1896.80,1892.80,46,
2023-08-23,1918.50,22.10,1.17,1909.60,1918.50,1909.60,547,
2023-08-24,1918.20,-0.30,-0.02,1920.00,1920.80,1918.20,337,
2023-08-25,1911.10,-7.10,-0.37,1919.80,1919.80,1911.10,195,
2023-08-28,1917.90,6.80,0.36,1915.50,1921.50,1915.50,99,
2023-08-29,1936.50,18.60,0.97,1917.90,1936.50,1916.90,1674,
2023-08-30,1944.30,7.80,0.40,1936.00,1946.40,1934.60,396,
2023-08-31,1938.20,-6.10,-0.31,1944.40,1944.40,1938.20,491,
2023-09-01,1939.80,1.60,0.08,1950.00,1950.00,1936.60,167,
2023-09-05,1926.20,-13.60,-0.70,1934.40,1934.40,1924.70,113,
2023-09-06,1918.10,-8.10,-0.42,1924.10,1925.30,1916.30,24,
2023-09-07,1917.50,-0.60,-0.03,1917.60,1921.50,1917.50,41,
2023-09-08,1918.40,0.90,0.05,1924.00,1924.70,1918.40,105,
2023-09-11,1923.30,4.90,0.26,1923.00,1928.30,1921.80,50,
2023-09-12,1911.30,-12.00,-0.62,1920.80,1920.80,1911.30,365,
2023-09-13,1909.10,-2.20,-0.12,1910.30,1914.60,1908.90,15,
2023-09-14,1910.00,0.90,0.05,1903.00,1910.00,1903.00,169,
2023-09-15,1923.70,13.70,0.72,1923.50,1927.30,1923.50,8,
2023-09-18,1931.50,7.80,0.41,1928.20,1931.50,1926.40,19,
2023-09-19,1932.00,0.50,0.03,1934.00,1934.00,1932.00,6,
2023-09-20,1945.60,13.60,0.70,1945.60,1945.60,1929.20,119,
2023-09-21,1919.20,-26.40,-1.36,1924.00,1924.00,1919.20,9,
2023-09-22,1925.40,6.20,0.32,1925.40,1925.40,1925.40,1,
2023-09-25,1916.60,-8.80,-0.46,1916.60,1916.60,1916.60,114,
2023-09-26,1900.40,-16.20,-0.85,1905.00,1905.10,1900.40,161,
2023-09-27,1871.60,-28.80,-1.52,1871.60,1871.60,1871.60,12251,
2023-09-28,1860.40,-11.20,-0.60,1875.50,1878.20,1856.70,4654,
2023-09-29,1848.10,-12.30,-0.66,1864.30,1872.30,1846.00,1605,
2023-10-02,1830.00,-18.10,-0.98,1844.10,1845.90,1826.70,2309,
2023-10-03,1824.60,-5.40,-0.30,1825.00,1830.90,1816.80,310,
2023-10-04,1818.50,-6.10,-0.33,1821.80,1828.20,1816.40,357,
2023-10-05,1816.60,-1.90,-0.10,1826.30,1826.30,1815.60,393,
2023-10-06,1830.20,13.60,0.75,1819.00,1831.80,1809.40,390,
2023-10-09,1849.50,19.30,1.05,1842.50,1861.50,1842.50,232,
2023-10-10,1861.00,11.50,0.62,1857.00,1861.40,1852.80,236,
2023-10-11,1872.80,11.80,0.63,1869.50,1874.60,1869.10,65,
2023-10-12,1869.30,-3.50,-0.19,1874.70,1881.20,1867.00,46,
2023-10-13,1927.40,58.10,3.11,1877.50,1930.10,1877.50,43,
2023-10-16,1921.10,-6.30,-0.33,1910.40,1921.10,1910.30,53,
2023-10-17,1922.70,1.60,0.08,1914.30,1925.80,1914.30,103,
2023-10-18,1955.30,32.60,1.70,1935.00,1957.90,1935.00,67,
2023-10-19,1968.40,13.10,0.67,1950.10,1977.70,1945.70,1945,
2023-10-20,1982.50,14.10,0.72,1981.10,1988.60,1980.40,557,
2023-10-23,1976.30,-6.20,-0.31,1976.20,1978.90,1972.90,127,
2023-10-24,1975.00,-1.30,-0.07,1970.30,1975.00,1970.30,10,
2023-10-25,1984.10,9.10,0.46,1971.20,1985.30,1971.20,97,
2023-10-26,1987.20,3.10,0.16,1988.20,1988.20,1980.40,521,
2023-10-27,1988.60,1.40,0.07,1988.60,1988.60,1988.60,372,
2023-10-30,1996.20,7.60,0.38,2004.10,2004.10,1992.50,157,
2023-10-31,1985.20,-11.00,-0.55,1996.50,2001.00,1983.70,84,
2023-11-01,1978.80,-6.40,-0.32,1990.50,1990.50,1977.80,41,
2023-11-02,1985.60,6.80,0.34,1989.10,1990.30,1979.50,39,
2023-11-03,1991.50,5.90,0.30,1989.00,1991.50,1989.00,12,
2023-11-06,1981.60,-9.90,-0.50,1981.60,1981.60,1977.40,130,
2023-11-07,1966.80,-14.80,-0.75,1966.50,1966.80,1960.70,20,
2023-11-08,1951.50,-15.30,-0.78,1967.80,1967.80,1947.70,43,
2023-11-09,1964.20,12.70,0.65,1951.70,1964.20,1945.30,10,
2023-11-10,1932.60,-31.60,-1.61,1959.60,1959.60,1932.60,375,
2023-11-13,1945.50,12.90,0.67,1939.90,1947.20,1934.00,191,
2023-11-14,1961.80,16.30,0.84,1965.80,1965.80,1961.80,2,
2023-11-15,1960.10,-1.70,-0.09,1962.80,1962.80,1960.00,6,
2023-11-16,1983.90,23.80,1.21,1965.30,1983.90,1964.60,39,
2023-11-17,1981.60,-2.30,-0.12,1982.50,1984.00,1979.80,32,
2023-11-20,1977.70,-3.90,-0.20,1978.70,1979.40,1969.70,182,
2023-11-21,1999.30,21.60,1.09,1990.70,2005.50,1988.50,16,
2023-11-22,1991.40,-7.90,-0.40,1999.10,1999.40,1991.00,6075,
2023-11-24,2002.20,10.80,0.54,1991.90,2002.20,1991.50,63,
2023-11-27,2011.80,9.60,0.48,2011.70,2011.80,2011.70,228,
2023-11-28,2039.70,27.90,1.39,2040.60,2042.70,2039.70,174665,
2023-11-29,2047.10,7.40,0.36,2041.70,2052.10,2036.00,15290,
2023-11-30,2038.10,-9.00,-0.44,2046.10,2047.10,2033.10,2506,
2023-12-01,2071.00,32.90,1.61,2038.30,2073.20,2036.00,614,
2023-12-04,2024.10,-46.90,-2.26,2075.30,2130.20,2021.00,1071,
2023-12-05,2018.50,-5.60,-0.28,2035.10,2037.00,2010.20,289,
2023-12-06,2030.50,12.00,0.59,2019.90,2035.80,2019.00,417,
2023-12-07,2029.90,-0.60,-0.03,2029.20,2034.90,2024.00,67,
2023-12-08,1998.30,-31.60,-1.56,2031.70,2033.10,1995.00,449,
2023-12-11,1978.00,-20.30,-1.02,2004.10,2004.20,1977.20,651,
2023-12-12,1977.80,-0.20,-0.01,1984.20,1994.20,1977.80,95,
2023-12-13,1982.30,4.50,0.23,1978.50,2024.80,1975.00,2252,
2023-12-14,2030.20,47.90,2.42,2024.70,2040.10,2024.30,236,
2023-12-15,2021.10,-9.10,-0.45,2032.60,2043.40,2018.30,261,
2023-12-18,2026.30,5.20,0.26,2024.30,2032.80,2024.00,100,
2023-12-19,2038.40,12.10,0.60,2025.20,2042.70,2025.20,498,
2023-12-20,2034.50,-3.90,-0.19,2037.10,2037.10,2030.30,258,
2023-12-21,2039.10,4.60,0.23,2035.80,2044.50,2033.00,228,
2023-12-22,2057.10,18.00,0.88,2055.70,2068.70,2052.20,202,
2023-12-26,2058.20,1.10,0.05,2060.00,2060.80,2054.20,64,
2023-12-27,2081.90,23.70,1.15,2067.30,2081.90,2064.80,586,
2023-12-28,2073.90,-8.00,-0.38,2081.60,2087.30,2066.50,338,
2023-12-29,2062.40,-11.50,-0.55,2068.00,2068.90,2062.10,47,
2024-01-02,2064.40,2.00,0.10,2063.50,2073.70,2057.10,61,
2024-01-03,2034.20,-30.20,-1.46,2034.20,2044.00,2034.20,54,
2024-01-04,2042.30,8.10,0.40,2041.60,2044.50,2038.00,88,
2024-01-05,2042.40,0.10,0.00,2044.50,2048.10,2042.40,12,
2024-01-08,2026.60,-15.80,-0.77,2019.10,2033.70,2019.10,10,
2024-01-09,2026.40,-0.20,-0.01,2035.80,2035.80,2026.40,27,
2024-01-10,2021.70,-4.70,-0.23,2029.00,2035.60,2021.70,538,
2024-01-11,2014.30,-7.40,-0.37,2025.10,2025.10,2014.30,97,
2024-01-12,2046.70,32.40,1.61,2031.10,2057.00,2031.10,390,
2024-01-16,2026.00,-20.70,-1.01,2051.70,2054.80,2026.00,46,
2024-01-17,2002.60,-23.40,-1.15,2026.50,2026.50,2002.60,764,
2024-01-18,2018.60,16.00,0.80,2012.80,2018.60,2009.50,1474,
2024-01-19,2026.50,7.90,0.39,2023.20,2036.00,2019.50,50,
2024-01-22,2019.80,-6.70,-0.33,2021.30,2021.30,2019.80,12,
2024-01-23,2023.70,3.90,0.19,2030.30,2030.30,2022.50,15,
2024-01-24,2013.90,-9.80,-0.48,2023.20,2033.20,2013.90,253,
2024-01-25,2016.90,3.00,0.15,2012.10,2022.40,2012.10,548,
2024-01-26,2016.80,-0.10,-0.00,2021.70,2022.40,2016.80,49,
2024-01-29,2025.20,8.40,0.42,2025.20,2025.20,2025.20,150708,
2024-01-30,2031.50,6.30,0.31,2032.50,2048.50,2028.10,26907,
2024-01-31,2048.40,16.90,0.83,2035.40,2055.00,2030.00,2007,
2024-02-01,2053.00,4.60,0.22,2040.20,2064.50,2029.00,947,
2024-02-02,2036.10,-16.90,-0.82,2054.80,2055.90,2027.70,888,
2024-02-05,2025.70,-10.40,-0.51,2038.90,2040.80,2013.80,412,
2024-02-06,2034.50,8.80,0.43,2025.90,2037.30,2025.90,249,
2024-02-07,2035.20,0.70,0.03,2032.80,2039.50,2032.70,71,
2024-02-08,2032.20,-3.00,-0.15,2028.00,2036.70,2020.30,341,
2024-02-09,2023.30,-8.90,-0.44,2032.00,2032.00,2020.00,62,
2024-02-12,2018.20,-5.10,-0.25,2025.50,2025.50,2011.60,317,
2024-02-13,1992.90,-25.30,-1.25,2025.10,2025.80,1990.00,198,
2024-02-14,1990.30,-2.60,-0.13,1990.30,1993.50,1984.80,1916,
2024-02-15,2002.10,11.80,0.59,1993.60,2007.20,1993.60,286,
2024-02-16,2011.50,9.40,0.47,2005.00,2011.50,1996.50,32,
2024-02-20,2027.50,16.00,0.80,2015.60,2029.00,2015.60,1326,
2024-02-21,2022.30,-5.20,-0.26,2028.20,2028.20,2022.30,15,
2024-02-22,2019.70,-2.60,-0.13,2033.20,2033.20,2019.70,964,
2024-02-23,2038.60,18.90,0.94,2026.00,2038.60,2014.90,22,
2024-02-26,2028.50,-10.10,-0.50,2034.10,2035.40,2024.80,143,
2024-02-27,2034.00,5.50,0.27,2035.90,2035.90,2034.00,964,
2024-02-28,2033.00,-1.00,-0.05,2029.50,2037.00,2024.80,581,
2024-02-29,2045.70,12.70,0.62,2034.30,2049.80,2034.30,706,
2024-03-01,2086.90,41.20,2.01,2043.10,2086.90,2041.80,1210,
2024-03-04,2117.70,30.80,1.48,2083.60,2119.80,2080.70,805,
2024-03-05,2133.50,15.80,0.75,2114.90,2133.50,2111.40,1287,
2024-03-06,2150.30,16.80,0.79,2125.50,2150.30,2125.50,443,
2024-03-07,2158.00,7.70,0.36,2147.00,2163.00,2147.00,152,
2024-03-08,2178.60,20.60,0.95,2167.30,2194.90,2166.30,259,
2024-03-11,2182.50,3.90,0.18,2181.00,2184.00,2177.20,738,
2024-03-12,2160.40,-22.10,-1.01,2182.50,2182.70,2160.40,550,
2024-03-13,2175.40,15.00,0.69,2162.50,2175.40,2162.50,20,
2024-03-14,2163.00,-12.40,-0.57,2163.00,2163.00,2162.30,515,
2024-03-15,2157.30,-5.70,-0.26,2161.70,2161.70,2157.30,100,
2024-03-18,2160.70,3.40,0.16,2146.20,2160.70,2146.20,21,
2024-03-19,2156.30,-4.40,-0.20,2156.10,2156.30,2156.10,12,
2024-03-20,2157.90,1.60,0.07,2157.30,2185.90,2150.90,17,
2024-03-21,2182.40,24.50,1.14,2207.00,2211.60,2182.40,63,
2024-03-22,2158.10,-24.30,-1.11,2179.20,2179.60,2157.50,19,
2024-03-25,2174.80,16.70,0.77,2166.20,2179.40,2166.20,79,
2024-03-26,2175.60,0.80,0.04,2182.70,2182.70,2175.60,202373,
2024-03-27,2190.60,15.00,0.69,2179.40,2196.20,2172.10,31200,
2024-03-28,2217.40,26.80,1.22,2193.60,2234.10,2187.10,2040,
2024-04-01,2236.50,19.10,0.86,2235.70,2264.20,2230.00,400,
2024-04-02,2261.00,24.50,1.10,2252.00,2279.20,2247.60,435,
2024-04-03,2294.40,33.40,1.48,2281.70,2298.80,2267.90,285,
2024-04-04,2288.80,-5.60,-0.24,2301.70,2302.90,2280.00,251,
2024-04-05,2325.70,36.90,1.61,2289.20,2328.40,2267.40,344,
2024-04-08,2331.70,6.00,0.26,2325.60,2341.80,2319.00,202,
2024-04-09,2343.50,11.80,0.51,2337.80,2364.70,2337.80,211,
2024-04-10,2329.60,-13.90,-0.59,2346.60,2358.10,2327.70,377,
2024-04-11,2354.80,25.20,1.08,2341.50,2376.30,2330.60,283,
2024-04-12,2356.20,1.40,0.06,2377.30,2429.00,2334.30,584,
2024-04-15,2365.80,9.60,0.41,2362.10,2384.70,2326.00,1801,
2024-04-16,2390.80,25.00,1.06,2384.00,2390.80,2371.40,41,
2024-04-17,2371.70,-19.10,-0.80,2384.20,2391.40,2369.30,37,
2024-04-18,2382.30,10.60,0.45,2368.40,2384.40,2368.40,128,
2024-04-19,2398.40,16.10,0.68,2379.30,2399.80,2377.30,160,
2024-04-22,2332.20,-66.20,-2.76,2383.30,2383.30,2326.90,53,
2024-04-23,2327.70,-4.50,-0.19,2327.70,2330.80,2294.20,171,
2024-04-24,2324.50,-3.20,-0.14,2321.30,2328.70,2314.60,95,
2024-04-25,2329.80,5.30,0.23,2315.00,2329.80,2305.00,1024,
2024-04-26,2334.80,5.00,0.21,2347.90,2347.90,2332.80,717,
2024-04-29,2345.40,10.60,0.45,2334.80,2345.50,2327.90,405,
2024-04-30,2291.40,-54.00,-2.30,2322.50,2322.50,2291.40,113,
2024-05-01,2299.90,8.50,0.37,2287.70,2327.30,2283.80,42,
2024-05-02,2299.20,-0.70,-0.03,2321.70,2324.70,2292.30,56,
2024-05-03,2299.00,-0.20,-0.01,2300.00,2301.00,2277.60,194,
2024-05-06,2321.60,22.60,0.98,2322.80,2325.50,2314.20,9,
2024-05-07,2315.20,-6.40,-0.28,2324.30,2324.30,2315.20,25,
2024-05-08,2313.60,-1.60,-0.07,2313.60,2313.60,2313.60,4,
2024-05-09,2332.10,18.50,0.80,2310.70,2339.50,2310.70,5,
2024-05-10,2367.30,35.20,1.51,2367.30,2367.30,2367.30,126,
2024-05-13,2336.10,-31.20,-1.32,2358.30,2358.30,2336.10,14,
2024-05-14,2353.40,17.30,0.74,2336.00,2358.00,2336.00,6,
2024-05-15,2388.70,35.30,1.50,2361.60,2388.70,2356.00,29,
2024-05-16,2380.00,-8.70,-0.36,2389.50,2392.20,2380.00,7,
2024-05-17,2412.20,32.20,1.35,2380.70,2415.80,2380.70,213,
2024-05-20,2433.90,21.70,0.90,2415.80,2435.80,2409.70,40,
2024-05-21,2421.70,-12.20,-0.50,2429.50,2429.50,2421.00,6,
2024-05-22,2389.20,-32.50,-1.34,2417.50,2417.60,2375.80,180,
2024-05-23,2335.00,-54.20,-2.27,2371.20,2371.20,2335.00,365,
2024-05-24,2332.50,-2.50,-0.11,2342.60,2345.40,2332.50,25,
2024-05-28,2355.20,22.70,0.97,2336.90,2359.70,2336.90,26,
2024-05-29,2340.30,-14.90,-0.63,2340.30,2340.30,2340.30,119317,
2024-05-30,2342.90,2.60,0.11,2336.90,2349.50,2320.80,32587,
2024-05-31,2322.90,-20.00,-0.85,2344.10,2354.00,2319.00,941,
2024-06-03,2346.60,23.70,1.02,2322.60,2347.50,2312.00,781,
2024-06-04,2325.50,-21.10,-0.90,2347.50,2347.70,2313.90,890,
2024-06-05,2354.10,28.60,1.23,2326.40,2354.30,2326.20,295,
2024-06-06,2370.30,16.20,0.69,2355.00,2375.80,2355.00,179,
2024-06-07,2305.20,-65.10,-2.75,2379.90,2385.10,2285.40,269,
2024-06-10,2307.70,2.50,0.11,2290.60,2309.30,2290.50,69,
2024-06-11,2307.50,-0.20,-0.01,2300.00,2314.10,2300.00,871,
2024-06-12,2336.00,28.50,1.24,2314.90,2338.70,2310.30,132,
2024-06-13,2300.20,-35.80,-1.53,2309.40,2317.70,2296.20,298,
2024-06-14,2331.40,31.20,1.36,2307.00,2331.40,2305.80,948,
2024-06-17,2312.40,-19.00,-0.81,2320.20,2320.20,2309.60,110,
2024-06-18,2330.40,18.00,0.78,2311.80,2330.40,2311.80,43,
2024-06-20,2353.80,23.40,1.00,2328.90,2354.00,2328.30,183,
2024-06-21,2316.40,-37.40,-1.59,2331.20,2331.20,2316.40,76,
2024-06-24,2330.00,13.60,0.59,2323.30,2332.90,2322.70,99,
2024-06-25,2316.60,-13.40,-0.58,2324.40,2333.00,2316.60,105,
2024-06-26,2299.20,-17.40,-0.75,2307.90,2314.40,2298.00,986,
2024-06-27,2324.50,25.30,1.10,2296.80,2329.00,2295.00,1532,
2024-06-28,2327.70,3.20,0.14,2325.40,2338.30,2319.00,92,
2024-07-01,2327.60,-0.10,-0.00,2323.80,2329.70,2321.70,237,
2024-07-02,2323.00,-4.60,-0.20,2330.70,2334.60,2323.00,30,
2024-07-03,2359.80,36.80,1.58,2330.90,2361.60,2330.90,59,
2024-07-05,2388.50,28.70,1.22,2354.90,2388.50,2354.90,72,
2024-07-08,2355.20,-33.30,-1.39,2381.70,2383.80,2352.80,64,
2024-07-09,2360.10,4.90,0.21,2363.10,2363.70,2360.10,9,
2024-07-10,2372.20,12.10,0.51,2366.30,2377.00,2365.80,19,
2024-07-11,2415.00,42.80,1.80,2378.70,2416.70,2378.70,72,
2024-07-12,2414.00,-1.00,-0.04,2399.80,2414.00,2391.30,355,
2024-07-15,2422.90,8.90,0.37,2430.00,2436.00,2422.90,540,
2024-07-16,2462.40,39.50,1.63,2427.40,2462.40,2427.40,93,
2024-07-17,2454.80,-7.60,-0.31,2472.90,2473.10,2454.80,10,
2024-07-18,2451.80,-3.00,-0.12,2466.00,2466.00,2451.80,2,
2024-07-19,2395.50,-56.30,-2.30,2418.80,2419.20,2395.50,15,
2024-07-22,2392.00,-3.50,-0.15,2402.10,2402.10,2392.00,18,
2024-07-23,2404.60,12.60,0.53,2395.80,2404.60,2388.70,41,
2024-07-24,2413.30,8.70,0.36,2421.00,2421.00,2411.60,6,
2024-07-25,2351.90,-61.40,-2.54,2365.50,2365.50,2351.90,31,
2024-07-26,2380.00,28.10,1.19,2368.70,2386.90,2368.70,95,
2024-07-29,2377.30,-2.70,-0.11,2377.30,2377.30,2377.30,126409,
2024-07-30,2405.00,27.70,1.17,2380.90,2409.30,2373.80,25944,
2024-07-31,2426.50,21.50,0.89,2407.10,2447.60,2402.80,1313,
2024-08-01,2435.00,8.50,0.35,2446.70,2455.10,2430.40,690,
2024-08-02,2425.70,-9.30,-0.38,2444.00,2477.00,2416.00,550,
2024-08-05,2401.70,-24.00,-0.99,2442.00,2449.80,2367.40,334,
2024-08-06,2389.10,-12.60,-0.52,2414.50,2421.80,2380.00,163,
2024-08-07,2390.50,1.40,0.06,2392.20,2401.00,2384.50,130,
2024-08-08,2422.20,31.70,1.33,2384.30,2422.80,2384.30,201,
2024-08-09,2432.10,9.90,0.41,2422.30,2432.10,2418.50,611,
2024-08-12,2462.40,30.30,1.25,2432.70,2469.80,2432.00,566,
2024-08-13,2466.70,4.30,0.17,2461.00,2470.00,2456.50,510,
2024-08-14,2439.40,-27.30,-1.11,2468.00,2472.10,2439.40,274,
2024-08-15,2453.10,13.70,0.56,2451.80,2467.70,2431.20,285,
2024-08-16,2498.60,45.50,1.85,2453.50,2508.00,2451.40,197,
2024-08-19,2501.80,3.20,0.13,2508.50,2508.50,2487.20,88,
2024-08-20,2511.30,9.50,0.38,2503.50,2527.30,2500.70,187,
2024-08-21,2508.40,-2.90,-0.12,2511.00,2515.40,2503.90,96,
2024-08-22,2478.90,-29.50,-1.18,2504.10,2504.10,2471.10,210,
2024-08-23,2508.40,29.50,1.19,2486.50,2508.40,2486.50,94,
2024-08-26,2517.70,9.30,0.37,2509.90,2523.10,2509.10,290,
2024-08-27,2516.00,-1.70,-0.07,2515.20,2523.10,2506.90,100,
2024-08-28,2501.00,-15.00,-0.60,2501.00,2501.00,2501.00,2353,
2024-08-29,2525.70,24.70,0.99,2504.10,2525.70,2503.90,3966,
2024-08-30,2493.80,-31.90,-1.26,2519.50,2525.40,2493.80,208,
2024-09-03,2489.90,-3.90,-0.16,2501.60,2501.80,2476.30,206,
2024-09-04,2493.40,3.50,0.14,2490.90,2493.40,2483.50,470,
2024-09-05,2511.40,18.00,0.72,2493.70,2513.30,2493.40,54,
2024-09-06,2493.50,-17.90,-0.71,2510.30,2517.90,2483.70,96,
2024-09-09,2501.80,8.30,0.33,2491.30,2504.70,2491.30,96,
2024-09-10,2512.30,10.50,0.42,2512.30,2512.30,2512.30,5,
2024-09-11,2512.10,-0.20,-0.01,2525.80,2525.80,2502.30,90,
2024-09-12,2551.20,39.10,1.56,2529.10,2557.00,2523.40,132,
2024-09-13,2581.30,30.10,1.18,2568.80,2581.80,2565.00,31,
2024-09-16,2580.40,-0.90,-0.03,2580.40,2580.40,2580.40,28,
2024-09-17,2564.30,-16.10,-0.62,2581.20,2581.80,2564.30,22,
2024-09-18,2570.70,6.40,0.25,2570.70,2570.70,2549.20,25,
2024-09-19,2588.00,17.30,0.67,2566.00,2588.00,2566.00,99,
2024-09-20,2619.90,31.90,1.23,2590.40,2621.80,2590.40,17,
2024-09-23,2626.50,6.60,0.25,2626.50,2626.50,2626.50,9,
2024-09-24,2651.20,24.70,0.94,2636.80,2662.30,2625.50,35,
2024-09-25,2659.20,8.00,0.30,2656.30,2664.20,2649.30,175,
2024-09-26,2669.90,10.70,0.40,2662.30,2669.90,2660.80,17216,
2024-09-27,2644.30,-25.60,-0.96,2670.00,2672.10,2641.70,4228,
2024-09-30,2636.10,-8.20,-0.31,2660.90,2662.10,2623.20,973,
2024-10-01,2667.30,31.20,1.18,2631.40,2670.90,2631.40,153,
2024-10-02,2647.10,-20.20,-0.76,2650.60,2657.20,2640.00,72,
2024-10-03,2657.10,10.00,0.38,2642.80,2657.10,2640.00,354,
2024-10-04,2645.80,-11.30,-0.43,2656.00,2667.00,2639.00,114,
2024-10-07,2644.80,-1.00,-0.04,2648.70,2657.40,2639.00,284,
2024-10-08,2615.00,-29.80,-1.13,2639.00,2639.00,2609.30,687,
2024-10-09,2606.00,-9.00,-0.34,2603.00,2607.70,2603.00,152,
2024-10-10,2620.60,14.60,0.56,2602.50,2628.30,2602.50,320,
2024-10-11,2657.60,37.00,1.41,2638.30,2658.10,2638.20,12,
2024-10-14,2647.80,-9.80,-0.37,2655.00,2655.30,2647.80,40,
2024-10-15,2661.40,13.60,0.51,2661.40,2661.40,2661.40,39,
2024-10-16,2674.00,12.60,0.47,2674.00,2674.00,2674.00,6,
2024-10-17,2691.00,17.00,0.64,2677.40,2691.70,2677.20,30,
2024-10-18,2713.70,22.70,0.84,2713.70,2719.60,2713.70,29,
2024-10-21,2723.10,9.40,0.35,2721.90,2738.40,2719.50,52,
2024-10-22,2744.20,21.10,0.77,2731.70,2746.00,2728.60,93,
2024-10-23,2714.40,-29.80,-1.09,2742.50,2742.50,2714.20,18,
2024-10-24,2734.90,20.50,0.76,2729.00,2736.10,2729.00,27,
2024-10-25,2740.90,6.00,0.22,2725.50,2742.40,2725.50,29,
2024-10-28,2742.90,2.00,0.07,2736.10,2742.90,2729.50,56,
2024-10-29,2768.40,25.50,0.93,2768.40,2768.40,2768.40,848,
2024-10-30,2788.50,20.10,0.73,2774.60,2789.00,2774.60,231,
2024-10-31,2738.30,-50.20,-1.80,2787.40,2787.50,2733.50,849,
2024-11-01,2738.60,0.30,0.01,2745.50,2756.00,2734.20,109,
2024-11-04,2736.10,-2.50,-0.09,2736.50,2737.10,2736.10,16,
2024-11-05,2740.30,4.20,0.15,2743.00,2743.90,2740.30,23,
2024-11-06,2667.60,-72.70,-2.65,2734.50,2734.50,2659.40,427,
2024-11-07,2698.40,30.80,1.15,2662.50,2699.10,2662.50,676,
2024-11-08,2687.50,-10.90,-0.40,2688.50,2694.60,2682.90,1038,
2024-11-11,2611.20,-76.30,-2.84,2671.70,2671.70,2611.20,20,
2024-11-12,2600.00,-11.20,-0.43,2605.50,2605.50,2592.80,118,
2024-11-13,2580.80,-19.20,-0.74,2611.10,2611.80,2580.80,53,
2024-11-14,2568.20,-12.60,-0.49,2555.10,2576.20,2554.20,27,
2024-11-15,2565.70,-2.50,-0.10,2565.70,2565.70,2565.70,20,
2024-11-18,2610.60,44.90,1.75,2591.70,2610.70,2589.40,136,
2024-11-19,2627.10,16.50,0.63,2621.90,2627.70,2619.30,87,
2024-11-20,2648.20,21.10,0.80,2638.50,2648.20,2638.50,27,
2024-11-21,2672.10,23.90,0.90,2659.30,2672.10,2655.70,33,
2024-11-22,2709.90,37.80,1.41,2687.50,2710.50,2685.60,41,
2024-11-25,2616.80,-93.10,-3.44,2689.40,2689.40,2616.80,94,
2024-11-26,2620.30,3.50,0.13,2625.60,2625.60,2620.30,177858,
2024-11-27,2639.90,19.60,0.75,2633.50,2657.90,2627.20,61653,
2024-11-29,2657.00,17.10,0.65,2636.40,2664.30,2620.70,3861,
2024-12-02,2634.90,-22.10,-0.83,2649.00,2649.80,2621.70,695,
2024-12-03,2644.70,9.80,0.37,2639.00,2654.70,2636.00,1062,
2024-12-04,2653.80,9.10,0.34,2639.20,2658.30,2637.00,249,
2024-12-05,2626.60,-27.20,-1.02,2652.40,2655.00,2625.70,573,
2024-12-06,2638.60,12.00,0.46,2620.20,2643.10,2617.50,571,
2024-12-09,2664.90,26.30,1.00,2632.10,2677.10,2630.80,935,
2024-12-10,2697.60,32.70,1.23,2662.30,2698.20,2661.00,437,
2024-12-11,2733.80,36.20,1.34,2701.80,2733.80,2693.10,3387,
2024-12-12,2687.50,-46.30,-1.69,2725.10,2725.10,2677.40,2365,
2024-12-13,2656.00,-31.50,-1.17,2688.20,2689.30,2647.90,1125,
2024-12-16,2651.40,-4.60,-0.17,2658.30,2663.30,2651.00,877,
2024-12-17,2644.40,-7.00,-0.26,2651.80,2652.30,2632.50,705,
2024-12-18,2636.50,-7.90,-0.30,2644.30,2647.10,2590.20,566,
2024-12-19,2592.20,-44.30,-1.68,2582.10,2610.30,2582.10,238,
2024-12-20,2628.70,36.50,1.41,2605.30,2631.60,2604.90,592,
2024-12-23,2612.30,-16.40,-0.62,2620.00,2627.70,2611.10,451,
2024-12-24,2620.00,7.70,0.29,2613.00,2620.00,2609.50,35,
2024-12-26,2638.80,18.80,0.72,2628.50,2638.80,2627.90,84,
2024-12-27,2617.20,-21.60,-0.82,2617.70,2617.70,2616.40,642,
2024-12-30,2606.10,-11.10,-0.42,2620.70,2626.90,2597.00,794,
2024-12-31,2629.20,23.10,0.89,2608.40,2629.20,2604.90,401,
2025-01-02,2658.90,29.70,1.13,2633.00,2663.10,2633.00,1728,
2025-01-03,2645.00,-13.90,-0.52,2658.70,2658.70,2641.80,591,
2025-01-06,2638.40,-6.60,-0.25,2645.50,2647.00,2617.30,960,
2025-01-07,2656.70,18.30,0.69,2653.40,2657.50,2653.00,643,
2025-01-08,2664.50,7.80,0.29,2655.50,2676.90,2653.50,999,
2025-01-09,2683.80,19.30,0.72,2669.70,2686.30,2667.90,1139,
2025-01-10,2708.50,24.70,0.92,2686.10,2720.10,2683.70,403,
2025-01-13,2673.50,-35.00,-1.29,2711.10,2711.20,2673.50,765,
2025-01-14,2677.50,4.00,0.15,2673.60,2688.30,2670.80,794,
2025-01-15,2712.50,35.00,1.31,2690.80,2712.50,2690.80,930,
2025-01-16,2746.40,33.90,1.25,2731.70,2749.80,2731.70,1721,
2025-01-17,2744.30,-2.10,-0.08,2736.00,2751.60,2725.50,1214,
2025-01-21,2755.00,10.70,0.39,2746.00,2755.00,2724.80,1439,
2025-01-22,2767.60,12.60,0.46,2754.50,2768.80,2753.50,2079,
2025-01-23,2763.10,-4.50,-0.16,2760.00,2765.00,2745.40,2201,
2025-01-24,2777.30,14.20,0.51,2759.80,2792.00,2759.80,1593,
2025-01-27,2737.50,-39.80,-1.43,2761.10,2762.20,2737.50,984,
2025-01-28,2766.80,29.30,1.07,2738.00,2766.80,2738.00,2307,
2025-01-29,2769.10,2.30,0.08,2769.10,2769.10,2769.10,125692,
2025-01-30,2823.00,53.90,1.95,2772.50,2829.50,2770.00,40141,
2025-01-31,2812.50,-10.50,-0.37,2829.00,2838.00,2804.00,3443,
2025-02-03,2833.90,21.40,0.76,2818.20,2848.40,2780.90,2649,
2025-02-04,2853.30,19.40,0.68,2827.60,2853.30,2816.10,2187,
2025-02-05,2871.60,18.30,0.64,2850.00,2880.50,2848.00,4519,
2025-02-06,2856.00,-15.60,-0.54,2865.20,2871.70,2836.30,3116,
2025-02-07,2867.30,11.30,0.40,2859.90,2889.50,2857.80,1822,
2025-02-10,2914.30,47.00,1.64,2864.20,2916.10,2863.80,2237,
2025-02-11,2912.50,-1.80,-0.06,2925.50,2945.40,2890.00,2554,
2025-02-12,2909.00,-3.50,-0.12,2902.00,2912.30,2868.60,2504,
2025-02-13,2925.90,16.90,0.58,2911.30,2937.70,2910.60,4670,
2025-02-14,2883.60,-42.30,-1.45,2937.30,2944.40,2874.80,1992,
2025-02-18,2931.60,48.00,1.66,2879.20,2936.40,2873.80,4010,
2025-02-19,2919.40,-12.20,-0.42,2938.70,2946.00,2917.10,2630,
2025-02-20,2940.00,20.60,0.71,2949.10,2955.80,2924.20,656,
2025-02-21,2937.60,-2.40,-0.08,2938.80,2940.00,2917.30,570,
2025-02-24,2947.90,10.30,0.35,2933.10,2957.90,2933.10,415,
2025-02-25,2904.50,-43.40,-1.47,2938.70,2943.20,2890.00,1854,
2025-02-26,2916.80,12.30,0.42,2913.50,2917.00,2913.00,2050,
2025-02-27,2883.20,-33.60,-1.15,2918.50,2922.80,2870.40,3215,
2025-02-28,2836.80,-46.40,-1.61,2877.10,2877.10,2834.10,990,
2025-03-03,2890.20,53.40,1.88,2872.70,2891.80,2863.40,423,
2025-03-04,2909.60,19.40,0.67,2886.10,2927.90,2886.10,885,
2025-03-05,2915.30,5.70,0.20,2916.70,2922.00,2893.00,551,
2025-03-06,2916.60,1.30,0.04,2904.00,2918.60,2903.80,870,
2025-03-07,2904.70,-11.90,-0.41,2900.90,2927.30,2900.50,531,
2025-03-10,2891.00,-13.70,-0.47,2910.10,2915.10,2880.20,55,
2025-03-11,2912.90,21.90,0.76,2884.40,2916.70,2880.40,197,
2025-03-12,2939.10,26.20,0.90,2912.00,2939.10,2910.00,213,
2025-03-13,2984.30,45.20,1.54,2937.10,2988.00,2935.20,2366,
2025-03-14,2994.50,10.20,0.34,2994.40,3004.80,2986.00,1800,
2025-03-17,3000.00,5.50,0.18,2991.00,3001.50,2989.00,214,
2025-03-18,3035.10,35.10,1.17,3006.40,3039.20,3004.40,428,
2025-03-19,3035.90,0.80,0.03,3035.20,3050.90,3030.90,175,
2025-03-20,3040.00,4.10,0.14,3047.30,3047.30,3034.40,185,
2025-03-21,3018.20,-21.80,-0.72,3034.50,3037.50,3000.90,151,
2025-03-24,3013.10,-5.10,-0.17,3024.30,3024.30,3006.00,137,
2025-03-25,3023.70,10.60,0.35,3026.40,3028.80,3023.70,74,
2025-03-26,3020.90,-2.80,-0.09,3033.20,3033.20,3019.50,83,
2025-03-27,3060.20,39.30,1.30,3025.50,3065.00,3025.50,124359,
2025-03-28,3086.50,26.30,0.86,3069.70,3094.90,3066.80,31206,
2025-03-31,3122.80,36.30,1.18,3091.00,3132.50,3086.00,3438,
2025-04-01,3118.90,-3.90,-0.12,3129.70,3149.50,3104.00,1721,
2025-04-02,3139.90,21.00,0.67,3120.70,3168.60,3117.40,5946,
2025-04-03,3097.00,-42.90,-1.37,3150.00,3166.90,3052.00,5516,
2025-04-04,3012.00,-85.00,-2.74,3110.50,3127.70,3011.00,3247,
2025-04-07,2951.30,-60.70,-2.02,3016.40,3050.80,2949.70,4424,
2025-04-08,2968.40,17.10,0.58,2994.00,3014.50,2968.40,3213,
2025-04-09,3056.50,88.10,2.97,2965.80,3090.40,2965.80,2175,
2025-04-10,3155.20,98.70,3.23,3073.90,3167.00,3072.10,3456,
2025-04-11,3222.20,67.00,2.12,3182.10,3235.00,3182.10,862,
2025-04-14,3204.80,-17.40,-0.54,3215.50,3228.80,3194.50,263,
2025-04-15,3218.70,13.90,0.43,3216.00,3218.70,3214.00,390,
2025-04-16,3326.60,107.90,3.35,3238.30,3334.90,3238.30,1874,
2025-04-17,3308.70,-17.90,-0.54,3345.00,3345.00,3287.80,824,
2025-04-21,3406.20,97.50,2.95,3342.20,3418.50,3342.20,78,
2025-04-22,3400.80,-5.40,-0.16,3422.20,3485.60,3361.70,785,
2025-04-23,3276.30,-124.50,-3.66,3321.20,3370.30,3256.20,331,
2025-04-24,3332.00,55.70,1.70,3305.40,3353.90,3304.90,560,
2025-04-25,3282.40,-49.60,-1.49,3355.50,3355.50,3266.10,162,
2025-04-28,3332.50,50.10,1.53,3284.50,3332.50,3284.50,1300,
2025-04-29,3318.80,-13.70,-0.41,3340.00,3340.00,3299.90,1278,
2025-04-30,3305.00,-13.80,-0.42,3318.70,3318.70,3268.00,207,
2025-05-01,3210.00,-95.00,-2.87,3272.90,3275.00,3198.60,2131,
2025-05-02,3231.90,21.90,0.68,3239.90,3257.00,3225.00,1349,
2025-05-05,3311.30,79.40,2.46,3242.70,3315.70,3239.70,244,
2025-05-06,3411.40,100.10,3.02,3365.50,3430.90,3356.80,2357,
2025-05-07,3381.40,-30.00,-0.88,3418.70,3418.70,3364.70,1080,
2025-05-08,3296.60,-84.80,-2.51,3390.00,3390.00,3288.70,200,
2025-05-09,3335.40,38.80,1.18,3299.00,3335.50,3299.00,216,
2025-05-12,3220.00,-115.40,-3.46,3300.70,3300.70,3205.00,886,
2025-05-13,3240.30,20.30,0.63,3232.00,3251.40,3223.50,2424,
2025-05-14,3181.40,-58.90,-1.82,3233.00,3233.00,3171.70,3518,
2025-05-15,3220.70,39.30,1.24,3151.00,3228.10,3125.00,652,
2025-05-16,3182.00,-38.70,-1.20,3227.70,3228.10,3173.90,199,
2025-05-19,3228.90,46.90,1.47,3234.40,3241.00,3228.30,266,
2025-05-20,3280.30,51.40,1.59,3219.00,3293.20,3207.50,356,
2025-05-21,3309.30,29.00,0.88,3293.40,3317.50,3290.20,979,
2025-05-22,3292.30,-17.00,-0.51,3327.30,3328.00,3282.70,1210,
2025-05-23,3363.60,71.30,2.17,3328.00,3363.60,3323.50,47,
2025-05-27,3299.10,-64.50,-1.92,3332.50,3341.00,3296.30,189,
2025-05-28,3293.60,-5.50,-0.17,3293.60,3293.60,3293.60,127758,
2025-05-29,3317.10,23.50,0.71,3283.70,3328.80,3242.40,24370,
2025-05-30,3288.90,-28.20,-0.85,3315.10,3318.00,3270.90,2213,
2025-06-02,3370.60,81.70,2.48,3296.90,3380.80,3296.90,976,
2025-06-03,3350.20,-20.40,-0.61,3385.10,3390.00,3331.30,6410,
2025-06-04,3373.50,23.30,0.70,3355.00,3380.00,3344.00,207,
2025-06-05,3350.70,-22.80,-0.68,3371.50,3400.00,3343.70,731,
2025-06-06,3322.70,-28.00,-0.84,3364.30,3364.30,3306.00,81,
2025-06-09,3332.10,9.40,0.28,3315.60,3334.60,3290.00,1887,
2025-06-10,3320.90,-11.20,-0.34,3302.00,3344.30,3302.00,65,
2025-06-11,3321.30,0.40,0.01,3328.00,3356.00,3321.30,2106,
2025-06-12,3380.90,59.60,1.79,3363.00,3395.90,3353.40,1818,
2025-06-13,3431.20,50.30,1.49,3407.30,3444.00,3407.30,499,
2025-06-16,3396.40,-34.80,-1.01,3442.00,3442.00,3385.40,480,
2025-06-17,3386.60,-9.80,-0.29,3398.30,3398.30,3376.10,1477,
2025-06-18,3389.80,3.20,0.09,3385.30,3391.90,3365.10,0,
2025-06-20,3368.10,-21.70,-0.64,3350.00,3372.90,3341.00,709,
2025-06-23,3377.70,9.60,0.29,3365.90,3387.90,3350.00,30,
2025-06-24,3317.40,-60.30,-1.79,3358.00,3358.00,3301.00,538,
2025-06-25,3327.10,9.70,0.29,3321.60,3331.20,3310.60,373,
2025-06-26,3333.50,6.40,0.19,3332.40,3333.50,3332.40,2058,
2025-06-27,3273.70,-59.80,-1.79,3318.70,3318.70,3253.80,284,
2025-06-30,3294.40,20.70,0.63,3265.90,3306.90,3262.00,1242,
2025-07-01,3336.70,42.30,1.28,3310.10,3354.10,3310.10,371,
2025-07-02,3348.00,11.30,0.34,3329.00,3357.50,3329.00,39,
2025-07-03,3331.60,-16.40,-0.49,3362.00,3362.00,3322.30,0,
2025-07-04,3332.50,0.90,0.03,3342.00,3342.00,3332.50,0,
2025-07-07,3332.20,-0.30,-0.01,3305.50,3333.30,3299.20,254,
2025-07-08,3307.00,-25.20,-0.76,3330.40,3334.50,3287.60,909,
2025-07-09,3311.60,4.60,0.14,3289.40,3314.00,3282.00,114,
2025-07-10,3317.40,5.80,0.18,3323.60,3330.50,3311.60,209,
2025-07-11,3356.00,38.60,1.16,3330.50,3370.00,3330.50,776,
2025-07-14,3351.50,-4.50,-0.13,3367.00,3375.50,3350.00,583,
2025-07-15,3329.80,-21.70,-0.65,3341.00,3341.00,3329.80,210,
2025-07-16,3352.50,22.70,0.68,3341.20,3352.90,3329.50,10,
2025-07-17,3340.10,-12.40,-0.37,3313.80,3340.80,3313.80,667,
2025-07-18,3353.00,12.90,0.39,3338.20,3353.00,3338.20,602,
2025-07-21,3401.90,48.90,1.46,3350.30,3411.70,3350.30,53,
2025-07-22,3439.20,37.30,1.10,3411.00,3441.00,3395.60,39,
2025-07-23,3394.10,-45.10,-1.31,3430.30,3433.90,3388.10,63,
2025-07-24,3371.00,-23.10,-0.68,3367.00,3371.00,3367.00,1175,
2025-07-25,3334.00,-37.00,-1.10,3344.00,3345.00,3326.50,67,
2025-07-28,3309.10,-24.90,-0.75,3326.60,3326.80,3309.10,533,
2025-07-29,3323.40,14.30,0.43,3323.40,3323.40,3323.40,113144,
2025-07-30,3295.80,-27.60,-0.83,3325.80,3331.80,3263.90,19252,
2025-07-31,3293.20,-2.60,-0.08,3272.90,3312.00,3272.90,3704,
2025-08-01,3347.70,54.50,1.65,3286.20,3360.60,3281.00,3420,
2025-08-04,3374.40,26.70,0.80,3367.60,3386.50,3347.40,351,
2025-08-05,3381.90,7.50,0.22,3378.50,3387.20,3351.20,915,
2025-08-06,3380.00,-1.90,-0.06,3380.70,3383.30,3361.30,1492,
2025-08-07,3400.30,20.30,0.60,3384.90,3422.90,3384.90,5464,
2025-08-08,3439.10,38.80,1.14,3438.80,3477.00,3402.50,7657,
2025-08-11,3353.10,-86.00,-2.50,3383.90,3383.90,3349.20,1488,
2025-08-12,3348.90,-4.20,-0.13,3356.20,3356.20,3330.10,1611,
2025-08-13,3358.70,9.80,0.29,3358.80,3363.40,3358.70,1011,
2025-08-14,3335.20,-23.50,-0.70,3346.80,3356.00,3328.90,592,
2025-08-15,3336.00,0.80,0.02,3346.80,3346.80,3335.90,1185,
2025-08-18,3331.70,-4.30,-0.13,3333.50,3347.80,3331.70,646,
2025-08-19,3313.40,-18.30,-0.55,3330.20,3343.50,3313.40,1655,
2025-08-20,3343.40,30.00,0.91,3310.60,3343.50,3310.10,1213,
2025-08-21,3336.90,-6.50,-0.19,3349.40,3349.40,3326.50,142,
2025-08-22,3374.40,37.50,1.12,3349.40,3377.70,3349.40,1240,
2025-08-25,3373.80,-0.60,-0.02,3366.00,3378.00,3366.00,1044,
2025-08-26,3388.60,14.80,0.44,3378.90,3396.50,3371.10,905,
2025-08-27,3404.60,16.00,0.47,3397.00,3404.60,3382.00,3222,
2025-08-28,3431.80,27.20,0.80,3409.00,3434.60,3400.00,1035,
2025-08-29,3473.70,41.90,1.22,3432.50,3475.60,3426.60,0,
2025-09-02,3549.40,75.70,2.18,3485.70,3559.20,3485.70,658,
2025-09-03,3593.20,43.80,1.23,3554.80,3593.70,3553.20,72,
2025-09-04,3565.80,-27.40,-0.76,3549.90,3573.60,3549.90,237,
2025-09-05,3613.20,47.40,1.33,3567.80,3613.20,3567.80,925,
2025-09-08,3638.10,24.90,0.69,3594.50,3641.00,3590.00,97,
2025-09-09,3643.30,5.20,0.14,3647.10,3670.40,3627.80,535,
2025-09-10,3643.60,0.30,0.01,3625.00,3655.40,3620.80,136,
2025-09-11,3636.90,-6.70,-0.18,3632.90,3636.90,3618.40,307,
2025-09-12,3649.40,12.50,0.34,3655.50,3656.80,3643.00,1300,
2025-09-15,3682.20,32.80,0.90,3640.00,3686.40,3635.10,210,
2025-09-16,3688.90,6.70,0.18,3681.40,3698.60,3681.40,373,
2025-09-17,3681.80,-7.10,-0.19,3669.00,3685.20,3661.60,183,
2025-09-18,3643.70,-38.10,-1.03,3654.60,3667.40,3637.00,80,
2025-09-19,3671.50,27.80,0.76,3659.00,3685.90,3658.20,211,
2025-09-22,3740.70,69.20,1.88,3688.20,3748.20,3688.00,410,
2025-09-23,3780.60,39.90,1.07,3747.00,3786.00,3740.00,627,
2025-09-24,3732.10,-48.50,-1.28,3769.80,3772.50,3732.10,588,
2025-09-25,3736.90,4.80,0.13,3742.80,3756.00,3724.70,1899,
2025-09-26,3775.30,38.40,1.03,3775.30,3775.30,3775.30,19308,
2025-09-29,3820.90,45.60,1.21,3754.80,3827.60,3754.80,8860,
2025-09-30,3840.80,19.90,0.52,3827.50,3865.50,3793.40,1611,
2025-10-01,3867.50,26.70,0.70,3863.50,3891.90,3853.30,1778,
2025-10-02,3839.70,-27.80,-0.72,3856.20,3888.60,3823.70,3418,
2025-10-03,3880.80,41.10,1.07,3855.20,3886.80,3853.70,392,
2025-10-06,3948.50,67.70,1.74,3931.30,3960.00,3926.80,1267,
2025-10-07,3976.60,28.10,0.71,3959.40,3981.50,3940.00,2903,
2025-10-08,4043.30,66.70,1.68,3987.20,4049.20,3987.20,2179,
2025-10-09,3946.30,-97.00,-2.40,4011.20,4046.20,3940.00,3130,
2025-10-10,3975.90,29.60,0.75,3957.00,4012.00,3945.50,1697,
2025-10-13,4108.60,132.70,3.34,4016.00,4111.00,4016.00,1697,
2025-10-14,4138.70,30.10,0.73,4131.70,4160.10,4085.80,2424,
2025-10-15,4176.90,38.20,0.92,4145.00,4210.60,4145.00,3287,
2025-10-16,4280.20,103.30,2.47,4198.80,4307.00,4196.60,4705,
2025-10-17,4189.90,-90.30,-2.11,4354.70,4358.00,4182.20,4060,
2025-10-20,4336.40,146.50,3.50,4244.10,4356.60,4214.60,1750,
2025-10-21,4087.70,-248.70,-5.74,4332.70,4332.70,4087.70,2943,
2025-10-22,4044.40,-43.30,-1.06,4109.70,4148.50,4006.00,1237,
2025-10-23,4125.50,81.10,2.01,4078.40,4136.80,4070.70,354,
2025-10-24,4118.40,-7.10,-0.17,4117.50,4120.60,4074.90,123,
2025-10-27,4001.90,-116.50,-2.83,4060.00,4078.60,3971.30,220,
2025-10-28,3966.20,-35.70,-0.89,3929.70,3966.20,3923.60,219,
2025-10-29,3983.70,17.50,0.44,3983.70,3983.70,3983.70,1344,
2025-10-30,4001.30,17.60,0.44,3960.00,4027.20,3913.70,935,
2025-10-31,3982.20,-19.10,-0.48,4034.50,4034.50,3976.60,559,
2025-11-03,4000.30,18.10,0.45,3976.20,4020.00,3959.00,0,
2025-11-04,3947.70,-52.60,-1.31,3994.20,3995.40,3927.40,657,
2025-11-05,3980.30,32.60,0.83,3929.90,3983.50,3929.90,559,
2025-11-06,3979.90,-0.40,-0.01,4004.00,4007.50,3979.90,650,
2025-11-07,3999.40,19.50,0.49,3980.80,3999.40,3980.80,245,
2025-11-10,4111.80,112.40,2.81,4060.00,4111.80,4060.00,189,
2025-11-11,4106.80,-5.00,-0.12,4140.10,4140.10,4106.80,569,
2025-11-12,4204.40,97.60,2.38,4115.60,4204.40,4102.90,396,
2025-11-13,4186.90,-17.50,-0.42,4228.70,4228.70,4163.70,167,
2025-11-14,4087.60,-99.30,-2.37,4197.70,4197.90,4047.00,483,
2025-11-17,4068.30,-19.30,-0.47,4070.00,4099.50,4019.40,1552,
2025-11-18,4061.30,-7.00,-0.17,4037.40,4063.40,4035.60,1375,
2025-11-19,4077.70,16.40,0.40,4086.10,4122.70,4072.00,486,
2025-11-20,4056.50,-21.20,-0.52,4045.00,4090.40,4040.20,202,
2025-11-21,4076.70,20.20,0.50,4031.80,4085.20,4031.80,171,
2025-11-24,4091.90,15.20,0.37,4060.50,4091.90,4060.50,591,
2025-11-25,4139.20,47.30,1.16,4139.20,4139.20,4139.20,132704,
2025-11-26,4165.20,26.00,0.63,4128.60,4171.00,4127.50,25088,
2025-11-28,4218.30,53.10,1.27,4163.40,4223.90,4140.00,3615,
2025-12-01,4239.30,21.00,0.50,4218.50,4262.10,4214.90,913,
2025-12-02,4186.60,-52.70,-1.24,4230.50,4230.50,4167.00,366,
2025-12-03,4199.30,12.70,0.30,4215.70,4234.10,4195.70,1897,
2025-12-04,4211.80,12.50,0.30,4211.00,4211.80,4175.00,616,
2025-12-05,4212.90,1.10,0.03,4204.10,4255.70,4194.50,533,
2025-12-08,4187.20,-25.70,-0.61,4205.50,4215.80,4175.50,318,
2025-12-09,4206.70,19.50,0.47,4190.70,4219.70,4177.70,660,
2025-12-10,4196.40,-10.30,-0.24,4209.00,4234.50,4183.60,692,
2025-12-11,4285.50,89.10,2.12,4224.00,4286.90,4214.30,528,
2025-12-12,4300.10,14.60,0.34,4276.40,4355.00,4260.00,1531,
2025-12-15,4306.70,6.60,0.15,4308.30,4349.20,4292.90,854,
2025-12-16,4304.50,-2.20,-0.05,4270.50,4321.40,4270.50,1796,
2025-12-17,4347.50,43.00,1.00,4308.50,4351.40,4308.50,2169,
2025-12-18,4339.50,-8.00,-0.18,4331.00,4348.10,4328.20,705,
2025-12-19,4361.40,21.90,0.50,4350.10,4361.40,4350.10,1065,
2025-12-22,4444.60,83.20,1.91,4371.10,4447.60,4371.10,449,
2025-12-23,4482.80,38.20,0.86,4503.30,4503.80,4450.40,694,
2025-12-24,4480.60,-2.20,-0.05,4500.70,4503.40,4468.40,500,
2025-12-26,4529.10,48.50,1.08,4512.00,4556.30,4502.00,263,
2025-12-29,4325.10,-204.00,-4.50,4371.50,4379.00,4325.10,2044,
2025-12-30,4370.10,45.00,1.04,4346.40,4403.60,4338.00,1837,
2025-12-31,4325.60,-44.50,-1.02,4333.50,4363.80,4285.00,785,
2026-01-02,4314.40,-11.20,-0.26,4350.60,4350.60,4314.40,589,
2026-01-05,4436.90,122.50,2.84,4386.70,4443.50,4384.80,618,
2026-01-06,4482.20,45.30,1.02,4449.70,4482.20,4449.00,459,
2026-01-07,4449.30,-32.90,-0.73,4450.00,4450.00,4449.30,972,
2026-01-08,4449.70,0.40,0.01,4460.20,4461.30,4418.00,2423,
2026-01-09,4490.30,40.60,0.91,4473.00,4490.30,4473.00,237,
2026-01-12,4604.30,114.00,2.54,4579.10,4620.00,4577.80,156,
2026-01-13,4589.20,-15.10,-0.33,4578.60,4617.10,4578.60,239,
2026-01-14,4626.30,37.10,0.81,4610.30,4635.00,4608.20,1313,
2026-01-15,4616.30,-10.00,-0.22,4612.90,4616.30,4612.90,4358,
2026-01-16,4588.40,-27.90,-0.60,4608.00,4608.00,4588.40,352,
2026-01-20,4759.60,171.20,3.73,4662.20,4764.00,4661.80,175,
2026-01-21,4831.80,72.20,1.52,4863.50,4872.30,4771.50,1706,
2026-01-22,4908.80,77.00,1.59,4791.90,4908.80,4791.90,1175,
2026-01-23,4976.20,67.40,1.37,4949.60,4976.20,4936.00,169,
2026-01-26,5079.70,103.50,2.08,5081.50,5095.60,5052.20,180,
2026-01-27,5079.90,0.20,0.00,5079.90,5079.90,5079.90,34,
2026-01-28,5301.60,221.70,4.36,5301.60,5301.60,5301.60,112054,
2026-01-29,5318.40,16.80,0.32,5415.70,5586.20,5097.50,23709,
2026-01-30,4713.90,-604.50,-11.37,5376.40,5440.50,4700.00,8374,
2026-02-02,4622.50,-91.40,-1.94,4807.70,4855.80,4400.00,3588,
2026-02-03,4903.70,281.20,6.08,4680.00,4984.60,4674.30,1213,
2026-02-04,4920.40,16.70,0.34,4923.30,5082.20,4897.90,3886,
2026-02-05,4861.40,-59.00,-1.20,5008.70,5012.30,4786.00,793,
2026-02-06,4951.20,89.80,1.85,4762.00,4958.50,4655.00,1386,
2026-02-09,5050.90,99.70,2.01,5017.40,5065.70,4979.10,170,
2026-02-10,5003.80,-47.10,-0.93,5013.50,5029.00,5002.70,281,
2026-02-11,5071.60,67.80,1.35,5049.90,5111.30,5041.30,2681,
2026-02-12,4923.70,-147.90,-2.92,5060.40,5078.10,4892.00,484,
2026-02-13,5022.00,98.30,2.00,4953.00,5043.90,4946.20,232,
2026-02-17,4882.90,-139.10,-2.77,5020.00,5020.00,4847.80,540,
2026-02-18,4986.50,103.60,2.12,4872.20,4987.00,4869.50,544,
2026-02-19,4975.90,-10.60,-0.21,5014.70,5014.70,4975.90,37,
2026-02-20,5059.30,83.40,1.68,5039.50,5072.70,5039.50,134,
2026-02-23,5204.70,145.40,2.87,5120.30,5211.60,5120.30,779,
2026-02-24,5155.80,-48.90,-0.94,5158.80,5159.00,5112.70,88,
2026-02-25,5206.40,50.60,0.98,5166.00,5206.40,5166.00,1772,
2026-02-26,5176.50,-29.90,-0.57,5177.20,5199.20,5143.90,1520,
2026-02-27,5230.50,54.00,1.04,5186.70,5280.00,5176.70,354,
2026-03-02,5294.40,63.90,1.22,5346.60,5405.00,5266.30,72,
2026-03-03,5107.40,-187.00,-3.53,5298.70,5303.80,5023.00,1776,
2026-03-04,5120.20,12.80,0.25,5130.70,5180.20,5117.20,679,
2026-03-05,5065.30,-54.90,-1.07,5169.50,5169.50,5054.70,1701,
2026-03-06,5146.10,80.80,1.60,5121.00,5146.10,5076.10,148,
2026-03-09,5091.50,-54.60,-1.06,5155.00,5160.60,5077.70,639,
2026-03-10,5229.70,138.20,2.71,5138.20,5229.70,5137.60,4300,
2026-03-11,5167.40,-62.30,-1.19,5190.80,5191.30,5167.40,633,
2026-03-12,5115.80,-51.60,-1.00,5137.20,5137.20,5115.80,410,
2026-03-13,5052.50,-63.30,-1.24,5089.60,5117.00,5009.50,479,
2026-03-16,4994.00,-58.50,-1.16,5001.60,5010.60,4994.00,130,
2026-03-17,5001.00,7.00,0.14,5017.60,5017.60,4994.20,239,
2026-03-18,4889.90,-111.10,-2.22,4949.60,4949.60,4821.70,1461,
2026-03-19,4600.70,-289.20,-5.91,4830.30,4830.30,4554.00,627,
2026-03-20,4570.40,-30.30,-0.66,4686.90,4686.90,4570.40,235,
2026-03-23,4404.10,-166.30,-3.64,4353.00,4480.40,4100.80,544,
2026-03-24,4399.30,-4.80,-0.11,4338.70,4399.30,4325.20,378,
2026-03-25,4549.80,150.50,3.42,4549.00,4551.90,4541.80,388,
2026-03-26,4375.50,-174.30,-3.83,4441.50,4443.10,4375.50,1070,
2026-03-27,4492.00,116.50,2.66,4492.00,4492.00,4492.00,74348,
2026-03-30,4526.00,34.00,0.76,4482.80,4579.10,4413.40,10816,
2026-03-31,4647.60,121.60,2.69,4510.00,4684.10,4508.60,4264,
2026-04-01,4783.20,135.60,2.92,4668.40,4789.10,4668.00,1637,
2026-04-02,4651.50,-131.70,-2.75,4764.90,4784.40,4558.90,0,
2026-04-06,4656.80,5.30,0.11,4656.10,4689.60,4605.00,148,
2026-04-07,4657.10,0.30,0.01,4624.90,4676.30,4608.00,327,
2026-04-08,4749.50,92.40,1.98,4760.00,4851.00,4738.80,405,
2026-04-09,4792.20,42.70,0.90,4711.00,4799.10,4711.00,1277,
2026-04-10,4761.90,-30.30,-0.63,4745.90,4791.00,4744.90,812,
2026-04-13,4742.40,-19.50,-0.41,4704.00,4742.40,4704.00,32,
2026-04-14,4825.00,82.60,1.74,4770.10,4841.60,4770.10,288,
2026-04-15,4800.00,-25.00,-0.52,4843.60,4843.60,4798.00,182,
2026-04-16,4785.40,-14.60,-0.30,4810.90,4810.90,4785.40,805,
2026-04-17,4857.60,72.20,1.51,4771.60,4879.70,4767.20,1902,
2026-04-20,4806.60,-51.00,-1.05,4793.90,4811.00,4770.00,724,
2026-04-21,4698.40,-108.20,-2.25,4698.40,4705.00,4676.40,1197,
2026-04-22,4732.50,34.10,0.73,4754.20,4754.20,4732.50,765,
2026-04-23,4705.10,-27.40,-0.58,4711.50,4732.40,4705.10,292,
2026-04-24,4722.30,17.20,0.37,4695.00,4722.30,4657.50,45,
2026-04-27,4675.40,-46.90,-0.99,4707.60,4711.10,4675.40,538,
2026-04-28,4591.50,-83.90,-1.79,4680.90,4680.90,4591.50,2660,
2026-04-29,4545.20,-46.30,-1.01,4598.60,4601.60,4515.70,507,
2026-04-30,4614.70,69.50,1.53,4561.90,4636.70,4561.90,77,
2026-05-01,4629.90,15.20,0.33,4636.70,4636.70,4581.70,113,
2026-05-04,4519.50,-110.40,-2.38,4581.20,4581.20,4512.70,20,
2026-05-05,4555.80,36.30,0.80,4547.60,4580.50,4547.60,426,
2026-05-06,4681.90,126.10,2.77,4663.60,4712.60,4663.60,212,
2026-05-07,4699.80,17.90,0.38,4704.80,4736.20,4699.80,254,
2026-05-08,4720.40,20.60,0.44,4714.40,4724.80,4713.60,120,
2026-05-11,4718.70,-1.70,-0.04,4729.50,4729.50,4718.70,36,
2026-05-12,4677.60,-41.10,-0.87,4762.20,4765.20,4677.60,93,
2026-05-13,4697.70,20.10,0.43,4722.70,4722.70,4679.50,228,
2026-05-14,4678.10,-19.60,-0.42,4678.10,4678.10,4650.30,5,
2026-05-15,4555.80,-122.30,-2.61,4615.20,4615.20,4524.30,607,
2026-05-18,4552.50,-3.30,-0.07,4563.00,4570.30,4538.70,38,
2026-05-19,4506.30,-46.20,-1.01,4551.70,4552.60,4506.20,875,
2026-05-20,4531.30,25.00,0.55,4502.60,4531.30,4465.10,981,
2026-05-21,4539.80,8.50,0.19,4507.20,4539.80,4503.80,426,
2026-05-22,4521.00,-18.80,-0.41,4519.50,4530.30,4519.10,40,
2026-05-26,4500.40,-20.60,-0.46,4572.80,4572.80,4500.40,1261,
2026-05-27,4447.50,-52.90,-1.18,4439.70,4447.50,4439.70,81062,
2026-05-28,4499.30,51.80,1.16,4453.60,4512.60,4363.50,16427,
2026-05-29,4560.50,61.20,1.36,4494.00,4591.80,4487.90,1883,
2026-06-01,4475.20,-85.30,-1.87,4523.50,4541.40,4449.70,835,
2026-06-02,4489.10,13.90,0.31,4488.00,4529.50,4474.20,456,
2026-06-03,4436.70,-52.40,-1.17,4471.20,4471.70,4427.20,2913,
2026-06-04,4475.80,39.10,0.88,4447.40,4509.90,4447.40,480,
2026-06-05,4337.10,-138.70,-3.10,4472.30,4472.30,4319.10,4062,
2026-06-08,4335.90,-1.20,-0.03,4324.20,4340.90,4284.60,357,
2026-06-09,4260.00,-75.90,-1.75,4332.80,4344.50,4240.20,1292,
2026-06-10,4108.20,-151.80,-3.56,4200.00,4206.70,4100.00,525,
2026-06-11,4090.30,-17.90,-0.44,4042.90,4209.80,4031.00,1938,
2026-06-12,4215.00,124.70,3.05,4208.30,4225.30,4173.20,1167,
2026-06-15,4328.00,113.00,2.68,4271.20,4362.00,4269.10,1666,
2026-06-16,4330.90,2.90,0.07,4309.50,4345.80,4309.50,158,
2026-06-17,4358.90,28.00,0.65,4339.00,4377.00,4296.00,1961,
2026-06-18,4224.10,-134.80,-3.09,4279.80,4323.20,4223.70,738,
2026-06-22,4181.90,-42.20,-1.00,4138.80,4216.40,4134.80,1197,
2026-06-23,4129.90,-52.00,-1.24,4127.10,4135.20,4118.50,252,
2026-06-24,3990.30,-139.60,-3.38,4104.40,4104.70,3963.30,353,
2026-06-25,4030.50,40.20,1.01,3988.40,4030.50,3986.70,2724,
2026-06-26,4078.70,48.20,1.20,4078.70,4078.70,4078.70,1431,
2026-06-29,4022.30,-56.40,-1.38,4057.50,4070.00,4003.20,785,
2026-06-30,4022.90,0.60,0.01,4002.60,4049.70,3962.50,1108,
2026-07-01,4068.30,45.40,1.13,4013.10,4100.00,3963.00,1108,
2026-07-02,4112.70,44.40,1.09,4067.50,4140.10,4062.00,770,
2026-07-03,4187.30,61.60,1.49,4138.00,4208.30,4133.80,54673,2026-07-03 22:42 UTC
2026-07-06,4178.60,11.10,0.27,4176.40,4179.50,4174.60,699,2026-07-06 22:52 UTC
2026-07-07,4112.20,-45.20,-1.09,4106.50,4116.90,4104.00,1685,2026-07-07 22:45 UTC
2026-07-08,4085.30,2.90,0.07,4087.60,4089.20,4081.20,812,2026-07-08 22:41 UTC
2026-07-09,4132.20,-8.60,-0.21,4135.40,4136.80,4130.80,835,2026-07-09 22:57 UTC
2026-07-10,4128.90,-11.90,-0.29,4135.40,4144.60,4081.70,91801,2026-07-10 22:40 UTC
2026-07-13,4011.60,5.90,0.15,4005.90,4015.50,4005.80,710,2026-07-13 22:35 UTC
2026-07-14,4057.50,-12.20,-0.30,4059.80,4060.00,4054.80,883,2026-07-14 22:39 UTC
2026-07-15,4068.10,16.30,0.40,4068.90,4071.90,4066.60,817,2026-07-15 22:37 UTC
2026-07-16,3978.30,-13.80,-0.35,3980.10,3984.10,3978.20,666,2026-07-16 22:37 UTC
2026-07-17,4023.00,30.90,0.77,3980.10,4028.90,3963.00,110455,2026-07-17 22:31 UTC
2026-07-20,4013.50,-2.40,-0.06,4013.40,4014.70,4008.30,844,2026-07-20 22:39 UTC
2026-07-21,4085.00,8.60,0.21,4084.70,4086.30,4081.00,462,2026-07-21 22:35 UTC
2026-07-22,4131.30,-20.60,-0.50,4126.00,4133.00,4074.60,3213,2026-07-22 22:41 UTC
