date,close,change,pct,z_score,open,high,low,volume,fetch_time
6/9/2021,13911.75,0.00,0.00,0.00,13911.75,13911.75,13911.75,0,
6/10/2021,14020.33,108.58,0.78,0.00,14020.33,14020.33,14020.33,0,
6/11/2021,14069.42,49.09,0.35,0.00,14069.42,14069.42,14069.42,0,
6/14/2021,14174.14,104.72,0.74,0.00,14174.14,14174.14,14174.14,0,
6/15/2021,14072.86,-101.28,-0.71,0.00,14072.86,14072.86,14072.86,0,
6/16/2021,14039.68,-33.18,-0.24,0.00,14039.68,14039.68,14039.68,0,
6/17/2021,14161.35,121.67,0.87,0.00,14161.35,14161.35,14161.35,0,
6/18/2021,14030.38,-130.97,-0.92,0.00,14030.38,14030.38,14030.38,0,
6/21/2021,14141.48,111.10,0.79,0.00,14141.48,14141.48,14141.48,0,
6/22/2021,14253.27,111.79,0.79,0.00,14253.27,14253.27,14253.27,0,
6/23/2021,14271.73,18.46,0.13,0.00,14271.73,14271.73,14271.73,0,
6/24/2021,14369.71,97.98,0.69,0.00,14369.71,14369.71,14369.71,0,
6/25/2021,14360.39,-9.32,-0.06,0.00,14360.39,14360.39,14360.39,0,
6/28/2021,14500.51,140.12,0.98,0.00,14500.51,14500.51,14500.51,0,
6/29/2021,14528.33,27.82,0.19,0.00,14528.33,14528.33,14528.33,0,
6/30/2021,14503.95,-24.38,-0.17,0.00,14503.95,14503.95,14503.95,0,
7/1/2021,14522.38,18.43,0.13,0.00,14522.38,14522.38,14522.38,0,
7/2/2021,14639.33,116.95,0.81,0.00,14639.33,14639.33,14639.33,0,
7/6/2021,14663.64,24.31,0.17,0.00,14663.64,14663.64,14663.64,0,
7/7/2021,14665.06,1.42,0.01,0.00,14665.06,14665.06,14665.06,0,
7/8/2021,14559.78,-105.28,-0.72,0.00,14559.78,14559.78,14559.78,0,
7/9/2021,14701.92,142.14,0.98,0.00,14701.92,14701.92,14701.92,0,
7/12/2021,14733.24,31.32,0.21,0.00,14733.24,14733.24,14733.24,0,
7/13/2021,14677.65,-55.59,-0.38,0.00,14677.65,14677.65,14677.65,0,
7/14/2021,14644.95,-32.70,-0.22,0.00,14644.95,14644.95,14644.95,0,
7/15/2021,14543.13,-101.82,-0.70,0.00,14543.13,14543.13,14543.13,0,
7/16/2021,14427.24,-115.89,-0.80,0.00,14427.24,14427.24,14427.24,0,
7/19/2021,14274.98,-152.26,-1.06,0.00,14274.98,14274.98,14274.98,0,
7/20/2021,14498.88,223.90,1.57,0.00,14498.88,14498.88,14498.88,0,
7/21/2021,14631.95,133.07,0.92,0.00,14631.95,14631.95,14631.95,0,
7/22/2021,14684.60,52.65,0.36,0.00,14684.60,14684.60,14684.60,0,
7/23/2021,14836.99,152.39,1.04,0.00,14836.99,14836.99,14836.99,0,
7/26/2021,14840.71,3.72,0.03,0.00,14840.71,14840.71,14840.71,0,
7/27/2021,14660.58,-180.13,-1.21,0.00,14660.58,14660.58,14660.58,0,
7/28/2021,14762.58,102.00,0.70,0.00,14762.58,14762.58,14762.58,0,
7/29/2021,14778.26,15.68,0.11,0.00,14778.26,14778.26,14778.26,0,
7/30/2021,14672.68,-105.58,-0.71,0.00,14672.68,14672.68,14672.68,0,
8/2/2021,14681.07,8.39,0.06,0.00,14681.07,14681.07,14681.07,0,
8/3/2021,14761.29,80.22,0.55,0.00,14761.29,14761.29,14761.29,0,
8/4/2021,14780.53,19.24,0.13,0.00,14780.53,14780.53,14780.53,0,
8/5/2021,14895.12,114.59,0.78,0.00,14895.12,14895.12,14895.12,0,
8/6/2021,14835.76,-59.36,-0.40,0.00,14835.76,14835.76,14835.76,0,
8/9/2021,14860.18,24.42,0.16,0.00,14860.18,14860.18,14860.18,0,
8/10/2021,14788.09,-72.09,-0.49,0.00,14788.09,14788.09,14788.09,0,
8/11/2021,14765.14,-22.95,-0.16,0.00,14765.14,14765.14,14765.14,0,
8/12/2021,14816.26,51.12,0.35,0.00,14816.26,14816.26,14816.26,0,
8/13/2021,14822.90,6.64,0.04,0.00,14822.90,14822.90,14822.90,0,
8/16/2021,14793.76,-29.14,-0.20,0.00,14793.76,14793.76,14793.76,0,
8/17/2021,14656.18,-137.58,-0.93,0.00,14656.18,14656.18,14656.18,0,
8/18/2021,14525.91,-130.27,-0.89,0.00,14525.91,14525.91,14525.91,0,
8/19/2021,14541.79,15.88,0.11,0.00,14541.79,14541.79,14541.79,0,
8/20/2021,14714.66,172.87,1.19,0.00,14714.66,14714.66,14714.66,0,
8/23/2021,14942.65,227.99,1.55,0.00,14942.65,14942.65,14942.65,0,
8/24/2021,15019.80,77.15,0.52,0.00,15019.80,15019.80,15019.80,0,
8/25/2021,15041.86,22.06,0.15,0.00,15041.86,15041.86,15041.86,0,
8/26/2021,14945.81,-96.05,-0.64,0.00,14945.81,14945.81,14945.81,0,
8/27/2021,15129.50,183.69,1.23,0.00,15129.50,15129.50,15129.50,0,
8/30/2021,15265.89,136.39,0.90,0.00,15265.89,15265.89,15265.89,0,
8/31/2021,15259.24,-6.65,-0.04,0.00,15259.24,15259.24,15259.24,0,
9/1/2021,15309.38,50.14,0.33,0.00,15309.38,15309.38,15309.38,0,
9/2/2021,15331.18,21.80,0.14,0.00,15331.18,15331.18,15331.18,0,
9/3/2021,15363.52,32.34,0.21,0.00,15363.52,15363.52,15363.52,0,
9/7/2021,15374.33,10.81,0.07,0.00,15374.33,15374.33,15374.33,0,
9/8/2021,15286.64,-87.69,-0.57,0.00,15286.64,15286.64,15286.64,0,
9/9/2021,15248.25,-38.39,-0.25,0.00,15248.25,15248.25,15248.25,0,
9/10/2021,15115.49,-132.76,-0.87,0.00,15115.49,15115.49,15115.49,0,
9/13/2021,15105.58,-9.91,-0.07,0.00,15105.58,15105.58,15105.58,0,
9/14/2021,15037.76,-67.82,-0.45,0.00,15037.76,15037.76,15037.76,0,
9/15/2021,15161.53,123.77,0.82,0.00,15161.53,15161.53,15161.53,0,
9/16/2021,15181.92,20.39,0.13,0.00,15181.92,15181.92,15181.92,0,
9/17/2021,15043.97,-137.95,-0.91,0.00,15043.97,15043.97,15043.97,0,
9/20/2021,14713.90,-330.07,-2.19,0.00,14713.90,14713.90,14713.90,0,
9/21/2021,14746.40,32.50,0.22,0.00,14746.40,14746.40,14746.40,0,
9/22/2021,14896.85,150.45,1.02,0.00,14896.85,14896.85,14896.85,0,
9/23/2021,15052.24,155.39,1.04,0.00,15052.24,15052.24,15052.24,0,
9/24/2021,15047.70,-4.54,-0.03,0.00,15047.70,15047.70,15047.70,0,
9/27/2021,14969.97,-77.73,-0.52,0.00,14969.97,14969.97,14969.97,0,
9/28/2021,14546.68,-423.29,-2.83,0.00,14546.68,14546.68,14546.68,0,
9/29/2021,14512.44,-34.24,-0.24,0.00,14512.44,14512.44,14512.44,0,
9/30/2021,14448.58,-63.86,-0.44,0.00,14448.58,14448.58,14448.58,0,
10/1/2021,14566.70,118.12,0.82,0.00,14566.70,14566.70,14566.70,0,
10/4/2021,14255.48,-311.22,-2.14,0.00,14255.48,14255.48,14255.48,0,
10/5/2021,14433.83,178.35,1.25,0.00,14433.83,14433.83,14433.83,0,
10/6/2021,14501.91,68.08,0.47,0.00,14501.91,14501.91,14501.91,0,
10/7/2021,14654.02,152.11,1.05,0.00,14654.02,14654.02,14654.02,0,
10/8/2021,14579.54,-74.48,-0.51,0.00,14579.54,14579.54,14579.54,0,
10/11/2021,14486.20,-93.34,-0.64,0.00,14486.20,14486.20,14486.20,0,
10/12/2021,14465.92,-20.28,-0.14,0.00,14465.92,14465.92,14465.92,0,
10/13/2021,14571.64,105.72,0.73,0.00,14571.64,14571.64,14571.64,0,
10/14/2021,14823.43,251.79,1.73,0.00,14823.43,14823.43,14823.43,0,
10/15/2021,14897.34,73.91,0.50,0.00,14897.34,14897.34,14897.34,0,
10/18/2021,15021.81,124.47,0.84,0.00,15021.81,15021.81,15021.81,0,
10/19/2021,15129.09,107.28,0.71,0.00,15129.09,15129.09,15129.09,0,
10/20/2021,15121.68,-7.41,-0.05,0.00,15121.68,15121.68,15121.68,0,
10/21/2021,15215.70,94.02,0.62,0.00,15215.70,15215.70,15215.70,0,
10/22/2021,15090.20,-125.50,-0.82,0.00,15090.20,15090.20,15090.20,0,
10/25/2021,15226.71,136.51,0.90,0.00,15226.71,15226.71,15226.71,0,
10/26/2021,15235.71,9.00,0.06,0.00,15235.71,15235.71,15235.71,0,
10/27/2021,15235.84,0.13,0.00,0.00,15235.84,15235.84,15235.84,0,
10/28/2021,15448.12,212.28,1.39,0.00,15448.12,15448.12,15448.12,0,
10/29/2021,15498.39,50.27,0.33,0.00,15498.39,15498.39,15498.39,0,
11/1/2021,15595.92,97.53,0.63,0.00,15595.92,15595.92,15595.92,0,
11/2/2021,15649.60,53.68,0.34,0.00,15649.60,15649.60,15649.60,0,
11/3/2021,15811.58,161.98,1.04,0.00,15811.58,15811.58,15811.58,0,
11/4/2021,15940.31,128.73,0.81,0.00,15940.31,15940.31,15940.31,0,
11/5/2021,15971.59,31.28,0.20,0.00,15971.59,15971.59,15971.59,0,
11/8/2021,15982.36,10.77,0.07,0.00,15982.36,15982.36,15982.36,0,
11/9/2021,15886.54,-95.82,-0.60,0.00,15886.54,15886.54,15886.54,0,
11/10/2021,15622.71,-263.83,-1.66,0.00,15622.71,15622.71,15622.71,0,
11/11/2021,15704.28,81.57,0.52,0.00,15704.28,15704.28,15704.28,0,
11/12/2021,15860.96,156.68,1.00,0.00,15860.96,15860.96,15860.96,0,
11/15/2021,15853.85,-7.11,-0.04,0.00,15853.85,15853.85,15853.85,0,
11/16/2021,15973.86,120.01,0.76,0.00,15973.86,15973.86,15973.86,0,
11/17/2021,15921.57,-52.29,-0.33,0.00,15921.57,15921.57,15921.57,0,
11/18/2021,15993.71,72.14,0.45,0.00,15993.71,15993.71,15993.71,0,
11/19/2021,16057.44,63.73,0.40,0.00,16057.44,16057.44,16057.44,0,
11/22/2021,15854.76,-202.68,-1.26,0.00,15854.76,15854.76,15854.76,0,
11/23/2021,15775.14,-79.62,-0.50,0.00,15775.14,15775.14,15775.14,0,
11/24/2021,15845.23,70.09,0.44,0.00,15845.23,15845.23,15845.23,0,
11/26/2021,15491.66,-353.57,-2.23,0.00,15491.66,15491.66,15491.66,0,
11/29/2021,15782.83,291.17,1.88,0.00,15782.83,15782.83,15782.83,0,
11/30/2021,15537.69,-245.14,-1.55,0.00,15537.69,15537.69,15537.69,0,
12/1/2021,15254.05,-283.64,-1.83,0.00,15254.05,15254.05,15254.05,0,
12/2/2021,15381.32,127.27,0.83,0.00,15381.32,15381.32,15381.32,0,
12/3/2021,15085.47,-295.85,-1.92,0.00,15085.47,15085.47,15085.47,0,
12/6/2021,15225.15,139.68,0.93,0.00,15225.15,15225.15,15225.15,0,
12/7/2021,15686.92,461.77,3.03,0.00,15686.92,15686.92,15686.92,0,
12/8/2021,15786.99,100.07,0.64,0.00,15786.99,15786.99,15786.99,0,
12/9/2021,15517.37,-269.62,-1.71,0.00,15517.37,15517.37,15517.37,0,
12/10/2021,15630.60,113.23,0.73,0.00,15630.60,15630.60,15630.60,0,
12/13/2021,15413.28,-217.32,-1.39,0.00,15413.28,15413.28,15413.28,0,
12/14/2021,15237.64,-175.64,-1.14,0.00,15237.64,15237.64,15237.64,0,
12/15/2021,15565.58,327.94,2.15,0.00,15565.58,15565.58,15565.58,0,
12/16/2021,15180.43,-385.15,-2.47,0.00,15180.43,15180.43,15180.43,0,
12/17/2021,15169.68,-10.75,-0.07,0.00,15169.68,15169.68,15169.68,0,
12/20/2021,14980.94,-188.74,-1.24,0.00,14980.94,14980.94,14980.94,0,
12/21/2021,15341.09,360.15,2.40,0.00,15341.09,15341.09,15341.09,0,
12/22/2021,15521.89,180.80,1.18,0.00,15521.89,15521.89,15521.89,0,
12/23/2021,15653.37,131.48,0.85,0.00,15653.37,15653.37,15653.37,0,
12/27/2021,15871.26,217.89,1.39,0.00,15871.26,15871.26,15871.26,0,
12/28/2021,15781.72,-89.54,-0.56,0.00,15781.72,15781.72,15781.72,0,
12/29/2021,15766.22,-15.50,-0.10,0.00,15766.22,15766.22,15766.22,0,
12/30/2021,15741.56,-24.66,-0.16,0.00,15741.56,15741.56,15741.56,0,
12/31/2021,15644.97,-96.59,-0.61,0.00,15644.97,15644.97,15644.97,0,
1/3/2022,15832.80,187.83,1.20,0.00,15832.80,15832.80,15832.80,0,
1/4/2022,15622.72,-210.08,-1.33,0.00,15622.72,15622.72,15622.72,0,
1/5/2022,15100.17,-522.55,-3.34,0.00,15100.17,15100.17,15100.17,0,
1/6/2022,15080.86,-19.31,-0.13,0.00,15080.86,15080.86,15080.86,0,
1/7/2022,14935.90,-144.96,-0.96,0.00,14935.90,14935.90,14935.90,0,
1/10/2022,14942.83,6.93,0.05,0.00,14942.83,14942.83,14942.83,0,
1/11/2022,15153.45,210.62,1.41,0.00,15153.45,15153.45,15153.45,0,
1/12/2022,15188.39,34.94,0.23,0.00,15188.39,15188.39,15188.39,0,
1/13/2022,14806.81,-381.58,-2.51,0.00,14806.81,14806.81,14806.81,0,
1/14/2022,14893.75,86.94,0.59,0.00,14893.75,14893.75,14893.75,0,
1/18/2022,14506.90,-386.85,-2.60,0.00,14506.90,14506.90,14506.90,0,
1/19/2022,14340.26,-166.64,-1.15,0.00,14340.26,14340.26,14340.26,0,
1/20/2022,14154.02,-186.24,-1.30,0.00,14154.02,14154.02,14154.02,0,
1/21/2022,13768.92,-385.10,-2.72,0.00,13768.92,13768.92,13768.92,0,
1/24/2022,13855.13,86.21,0.63,0.00,13855.13,13855.13,13855.13,0,
1/25/2022,13539.29,-315.84,-2.28,0.00,13539.29,13539.29,13539.29,0,
1/26/2022,13542.12,2.83,0.02,0.00,13542.12,13542.12,13542.12,0,
1/27/2022,13352.78,-189.34,-1.40,0.00,13352.78,13352.78,13352.78,0,
1/28/2022,13770.57,417.79,3.13,0.00,13770.57,13770.57,13770.57,0,
1/31/2022,14239.88,469.31,3.41,0.00,14239.88,14239.88,14239.88,0,
2/1/2022,14346.00,106.12,0.75,0.00,14346.00,14346.00,14346.00,0,
2/2/2022,14417.55,71.55,0.50,0.00,14417.55,14417.55,14417.55,0,
2/3/2022,13878.82,-538.73,-3.74,0.00,13878.82,13878.82,13878.82,0,
2/4/2022,14098.01,219.19,1.58,0.00,14098.01,14098.01,14098.01,0,
2/7/2022,14015.67,-82.34,-0.58,0.00,14015.67,14015.67,14015.67,0,
2/8/2022,14194.45,178.78,1.28,0.00,14194.45,14194.45,14194.45,0,
2/9/2022,14490.37,295.92,2.08,0.00,14490.37,14490.37,14490.37,0,
2/10/2022,14185.64,-304.73,-2.10,0.00,14185.64,14185.64,14185.64,0,
2/11/2022,13791.15,-394.49,-2.78,0.00,13791.15,13791.15,13791.15,0,
2/14/2022,13790.92,-0.23,0.00,0.00,13790.92,13790.92,13790.92,0,
2/15/2022,14139.76,348.84,2.53,0.00,14139.76,14139.76,14139.76,0,
2/16/2022,14124.09,-15.67,-0.11,0.00,14124.09,14124.09,14124.09,0,
2/17/2022,13716.72,-407.37,-2.88,0.00,13716.72,13716.72,13716.72,0,
2/18/2022,13548.07,-168.65,-1.23,0.00,13548.07,13548.07,13548.07,0,
2/22/2022,13381.52,-166.55,-1.23,0.00,13381.52,13381.52,13381.52,0,
2/23/2022,13037.49,-344.03,-2.57,0.00,13037.49,13037.49,13037.49,0,
2/24/2022,13473.59,436.10,3.34,0.00,13473.59,13473.59,13473.59,0,
2/25/2022,13694.62,221.03,1.64,0.00,13694.62,13694.62,13694.62,0,
2/28/2022,13751.40,56.78,0.41,0.00,13751.40,13751.40,13751.40,0,
3/1/2022,13532.46,-218.94,-1.59,0.00,13532.46,13532.46,13532.46,0,
3/2/2022,13752.02,219.56,1.62,0.00,13752.02,13752.02,13752.02,0,
3/3/2022,13537.94,-214.08,-1.56,0.00,13537.94,13537.94,13537.94,0,
3/4/2022,13313.44,-224.50,-1.66,0.00,13313.44,13313.44,13313.44,0,
3/7/2022,12830.96,-482.48,-3.62,0.00,12830.96,12830.96,12830.96,0,
3/8/2022,12795.55,-35.41,-0.28,0.00,12795.55,12795.55,12795.55,0,
3/9/2022,13255.55,460.00,3.59,0.00,13255.55,13255.55,13255.55,0,
3/10/2022,13129.96,-125.59,-0.95,0.00,13129.96,13129.96,13129.96,0,
3/11/2022,12843.81,-286.15,-2.18,0.00,12843.81,12843.81,12843.81,0,
3/14/2022,12581.22,-262.59,-2.04,0.00,12581.22,12581.22,12581.22,0,
3/15/2022,12948.62,367.40,2.92,0.00,12948.62,12948.62,12948.62,0,
3/16/2022,13436.55,487.93,3.77,0.00,13436.55,13436.55,13436.55,0,
3/17/2022,13614.78,178.23,1.33,0.00,13614.78,13614.78,13614.78,0,
3/18/2022,13893.84,279.06,2.05,0.00,13893.84,13893.84,13893.84,0,
3/21/2022,13838.46,-55.38,-0.40,0.00,13838.46,13838.46,13838.46,0,
3/22/2022,14108.82,270.36,1.95,0.00,14108.82,14108.82,14108.82,0,
3/23/2022,13922.60,-186.22,-1.32,0.00,13922.60,13922.60,13922.60,0,
3/24/2022,14191.84,269.24,1.93,0.00,14191.84,14191.84,14191.84,0,
3/25/2022,14169.30,-22.54,-0.16,0.00,14169.30,14169.30,14169.30,0,
3/28/2022,14354.90,185.60,1.31,0.00,14354.90,14354.90,14354.90,0,
3/29/2022,14619.64,264.74,1.84,0.00,14619.64,14619.64,14619.64,0,
3/30/2022,14442.27,-177.37,-1.21,0.00,14442.27,14442.27,14442.27,0,
3/31/2022,14220.52,-221.75,-1.54,0.00,14220.52,14220.52,14220.52,0,
4/1/2022,14261.50,40.98,0.29,0.00,14261.50,14261.50,14261.50,0,
4/4/2022,14532.55,271.05,1.90,0.00,14532.55,14532.55,14532.55,0,
4/5/2022,14204.17,-328.38,-2.26,0.00,14204.17,14204.17,14204.17,0,
4/6/2022,13888.82,-315.35,-2.22,0.00,13888.82,13888.82,13888.82,0,
4/7/2022,13897.30,8.48,0.06,0.00,13897.30,13897.30,13897.30,0,
4/8/2022,13711.00,-186.30,-1.34,0.00,13711.00,13711.00,13711.00,0,
4/11/2022,13411.96,-299.04,-2.18,0.00,13411.96,13411.96,13411.96,0,
4/12/2022,13371.57,-40.39,-0.30,0.00,13371.57,13371.57,13371.57,0,
4/13/2022,13643.59,272.02,2.03,0.00,13643.59,13643.59,13643.59,0,
4/14/2022,13351.08,-292.51,-2.14,0.00,13351.08,13351.08,13351.08,0,
4/18/2022,13332.36,-18.72,-0.14,0.00,13332.36,13332.36,13332.36,0,
4/19/2022,13619.66,287.30,2.15,0.00,13619.66,13619.66,13619.66,0,
4/20/2022,13453.07,-166.59,-1.22,0.00,13453.07,13453.07,13453.07,0,
4/21/2022,13174.65,-278.42,-2.07,0.00,13174.65,13174.65,13174.65,0,
4/22/2022,12839.29,-335.36,-2.55,0.00,12839.29,12839.29,12839.29,0,
4/25/2022,13004.85,165.56,1.29,0.00,13004.85,13004.85,13004.85,0,
4/26/2022,12490.74,-514.11,-3.95,0.00,12490.74,12490.74,12490.74,0,
4/27/2022,12488.93,-1.81,-0.01,0.00,12488.93,12488.93,12488.93,0,
4/28/2022,12871.53,382.60,3.06,0.00,12871.53,12871.53,12871.53,0,
4/29/2022,12334.64,-536.89,-4.17,0.00,12334.64,12334.64,12334.64,0,
5/2/2022,12536.02,201.38,1.63,0.00,12536.02,12536.02,12536.02,0,
5/3/2022,12563.76,27.74,0.22,0.00,12563.76,12563.76,12563.76,0,
5/4/2022,12964.86,401.10,3.19,0.00,12964.86,12964.86,12964.86,0,
5/5/2022,12317.69,-647.17,-4.99,0.00,12317.69,12317.69,12317.69,0,
5/6/2022,12144.66,-173.03,-1.40,0.00,12144.66,12144.66,12144.66,0,
5/9/2022,11623.25,-521.41,-4.29,0.00,11623.25,11623.25,11623.25,0,
5/10/2022,11737.67,114.42,0.98,0.00,11737.67,11737.67,11737.67,0,
5/11/2022,11364.24,-373.43,-3.18,0.00,11364.24,11364.24,11364.24,0,
5/12/2022,11370.96,6.72,0.06,0.00,11370.96,11370.96,11370.96,0,
5/13/2022,11805.00,434.04,3.82,0.00,11805.00,11805.00,11805.00,0,
5/16/2022,11662.79,-142.21,-1.20,0.00,11662.79,11662.79,11662.79,0,
5/17/2022,11984.52,321.73,2.76,0.00,11984.52,11984.52,11984.52,0,
5/18/2022,11418.15,-566.37,-4.73,0.00,11418.15,11418.15,11418.15,0,
5/19/2022,11388.50,-29.65,-0.26,0.00,11388.50,11388.50,11388.50,0,
5/20/2022,11354.62,-33.88,-0.30,0.00,11354.62,11354.62,11354.62,0,
5/23/2022,11535.27,180.65,1.59,0.00,11535.27,11535.27,11535.27,0,
5/24/2022,11264.45,-270.82,-2.35,0.00,11264.45,11264.45,11264.45,0,
5/25/2022,11434.74,170.29,1.51,0.00,11434.74,11434.74,11434.74,0,
5/26/2022,11740.65,305.91,2.68,0.00,11740.65,11740.65,11740.65,0,
5/27/2022,12131.13,390.48,3.33,0.00,12131.13,12131.13,12131.13,0,
5/31/2022,12081.39,-49.74,-0.41,0.00,12081.39,12081.39,12081.39,0,
6/1/2022,11994.46,-86.93,-0.72,0.00,11994.46,11994.46,11994.46,0,
6/2/2022,12316.90,322.44,2.69,0.00,12316.90,12316.90,12316.90,0,
6/3/2022,12012.73,-304.17,-2.47,0.00,12012.73,12012.73,12012.73,0,
6/6/2022,12061.37,48.64,0.40,0.00,12061.37,12061.37,12061.37,0,
6/7/2022,12175.23,113.86,0.94,0.00,12175.23,12175.23,12175.23,0,
6/8/2022,12086.27,-88.96,-0.73,0.00,12086.27,12086.27,12086.27,0,
6/9/2022,11754.23,-332.04,-2.75,0.00,11754.23,11754.23,11754.23,0,
6/10/2022,11340.02,-414.21,-3.52,0.00,11340.02,11340.02,11340.02,0,
6/13/2022,10809.23,-530.79,-4.68,0.00,10809.23,10809.23,10809.23,0,
6/14/2022,10828.35,19.12,0.18,0.00,10828.35,10828.35,10828.35,0,
6/15/2022,11099.15,270.80,2.50,0.00,11099.15,11099.15,11099.15,0,
6/16/2022,10646.10,-453.05,-4.08,0.00,10646.10,10646.10,10646.10,0,
6/17/2022,10798.35,152.25,1.43,0.00,10798.35,10798.35,10798.35,0,
6/21/2022,11069.30,270.95,2.51,0.00,11069.30,11069.30,11069.30,0,
6/22/2022,11053.08,-16.22,-0.15,0.00,11053.08,11053.08,11053.08,0,
6/23/2022,11232.19,179.11,1.62,0.00,11232.19,11232.19,11232.19,0,
6/24/2022,11607.62,375.43,3.34,0.00,11607.62,11607.62,11607.62,0,
6/27/2022,11524.55,-83.07,-0.72,0.00,11524.55,11524.55,11524.55,0,
6/28/2022,11181.54,-343.01,-2.98,0.00,11181.54,11181.54,11181.54,0,
6/29/2022,11177.89,-3.65,-0.03,0.00,11177.89,11177.89,11177.89,0,
6/30/2022,11028.74,-149.15,-1.33,0.00,11028.74,11028.74,11028.74,0,
7/1/2022,11127.85,99.11,0.90,0.00,11127.85,11127.85,11127.85,0,
7/5/2022,11322.24,194.39,1.75,0.00,11322.24,11322.24,11322.24,0,
7/6/2022,11361.85,39.61,0.35,0.00,11361.85,11361.85,11361.85,0,
7/7/2022,11621.35,259.50,2.28,0.00,11621.35,11621.35,11621.35,0,
7/8/2022,11635.31,13.96,0.12,0.00,11635.31,11635.31,11635.31,0,
7/11/2022,11372.60,-262.71,-2.26,0.00,11372.60,11372.60,11372.60,0,
7/12/2022,11264.73,-107.87,-0.95,0.00,11264.73,11264.73,11264.73,0,
7/13/2022,11247.58,-17.15,-0.15,0.00,11247.58,11247.58,11247.58,0,
7/14/2022,11251.19,3.61,0.03,0.00,11251.19,11251.19,11251.19,0,
7/15/2022,11452.42,201.23,1.79,0.00,11452.42,11452.42,11452.42,0,
7/18/2022,11360.05,-92.37,-0.81,0.00,11360.05,11360.05,11360.05,0,
7/19/2022,11713.15,353.10,3.11,0.00,11713.15,11713.15,11713.15,0,
7/20/2022,11897.65,184.50,1.58,0.00,11897.65,11897.65,11897.65,0,
7/21/2022,12059.61,161.96,1.36,0.00,12059.61,12059.61,12059.61,0,
7/22/2022,11834.11,-225.50,-1.87,0.00,11834.11,11834.11,11834.11,0,
7/25/2022,11782.67,-51.44,-0.43,0.00,11782.67,11782.67,11782.67,0,
7/26/2022,11562.57,-220.10,-1.87,0.00,11562.57,11562.57,11562.57,0,
7/27/2022,12032.42,469.85,4.06,0.00,12032.42,12032.42,12032.42,0,
7/28/2022,12162.59,130.17,1.08,0.00,12162.59,12162.59,12162.59,0,
7/29/2022,12390.69,228.10,1.88,0.00,12390.69,12390.69,12390.69,0,
8/1/2022,12368.98,-21.71,-0.18,0.00,12368.98,12368.98,12368.98,0,
8/2/2022,12348.76,-20.22,-0.16,0.00,12348.76,12348.76,12348.76,0,
8/3/2022,12668.16,319.40,2.59,0.00,12668.16,12668.16,12668.16,0,
8/4/2022,12720.58,52.42,0.41,0.00,12720.58,12720.58,12720.58,0,
8/5/2022,12657.55,-63.03,-0.50,0.00,12657.55,12657.55,12657.55,0,
8/8/2022,12644.46,-13.09,-0.10,0.00,12644.46,12644.46,12644.46,0,
8/9/2022,12493.93,-150.53,-1.19,0.00,12493.93,12493.93,12493.93,0,
8/10/2022,12854.80,360.87,2.89,0.00,12854.80,12854.80,12854.80,0,
8/11/2022,12779.91,-74.89,-0.58,0.00,12779.91,12779.91,12779.91,0,
8/12/2022,13047.19,267.28,2.09,0.00,13047.19,13047.19,13047.19,0,
8/15/2022,13128.05,80.86,0.62,0.00,13128.05,13128.05,13128.05,0,
8/16/2022,13102.55,-25.50,-0.19,0.00,13102.55,13102.55,13102.55,0,
8/17/2022,12938.12,-164.43,-1.25,0.00,12938.12,12938.12,12938.12,0,
8/18/2022,12965.34,27.22,0.21,0.00,12965.34,12965.34,12965.34,0,
8/19/2022,12705.22,-260.12,-2.01,0.00,12705.22,12705.22,12705.22,0,
8/22/2022,12381.57,-323.65,-2.55,0.00,12381.57,12381.57,12381.57,0,
8/23/2022,12381.30,-0.27,0.00,0.00,12381.30,12381.30,12381.30,0,
8/24/2022,12431.53,50.23,0.41,0.00,12431.53,12431.53,12431.53,0,
8/25/2022,12639.27,207.74,1.67,0.00,12639.27,12639.27,12639.27,0,
8/26/2022,12141.71,-497.56,-3.94,0.00,12141.71,12141.71,12141.71,0,
8/29/2022,12017.67,-124.04,-1.02,0.00,12017.67,12017.67,12017.67,0,
8/30/2022,11883.14,-134.53,-1.12,0.00,11883.14,11883.14,11883.14,0,
8/31/2022,11816.20,-66.94,-0.56,0.00,11816.20,11816.20,11816.20,0,
9/1/2022,11785.13,-31.07,-0.26,0.00,11785.13,11785.13,11785.13,0,
9/2/2022,11630.86,-154.27,-1.31,0.00,11630.86,11630.86,11630.86,0,
9/6/2022,11544.91,-85.95,-0.74,0.00,11544.91,11544.91,11544.91,0,
9/7/2022,11791.90,246.99,2.14,0.00,11791.90,11791.90,11791.90,0,
9/8/2022,11862.13,70.23,0.60,0.00,11862.13,11862.13,11862.13,0,
9/9/2022,12112.31,250.18,2.11,0.00,12112.31,12112.31,12112.31,0,
9/12/2022,12266.41,154.10,1.27,0.00,12266.41,12266.41,12266.41,0,
9/13/2022,11633.57,-632.84,-5.16,0.00,11633.57,11633.57,11633.57,0,
9/14/2022,11719.68,86.11,0.74,0.00,11719.68,11719.68,11719.68,0,
9/15/2022,11552.36,-167.32,-1.43,0.00,11552.36,11552.36,11552.36,0,
9/16/2022,11448.40,-103.96,-0.90,0.00,11448.40,11448.40,11448.40,0,
9/19/2022,11535.02,86.62,0.76,0.00,11535.02,11535.02,11535.02,0,
9/20/2022,11425.05,-109.97,-0.95,0.00,11425.05,11425.05,11425.05,0,
9/21/2022,11220.19,-204.86,-1.79,0.00,11220.19,11220.19,11220.19,0,
9/22/2022,11066.81,-153.38,-1.37,0.00,11066.81,11066.81,11066.81,0,
9/23/2022,10867.93,-198.88,-1.80,0.00,10867.93,10867.93,10867.93,0,
9/26/2022,10802.92,-65.01,-0.60,0.00,10802.92,10802.92,10802.92,0,
9/27/2022,10829.50,26.58,0.25,0.00,10829.50,10829.50,10829.50,0,
9/28/2022,11051.64,222.14,2.05,0.00,11051.64,11051.64,11051.64,0,
9/29/2022,10737.51,-314.13,-2.84,0.00,10737.51,10737.51,10737.51,0,
9/30/2022,10575.62,-161.89,-1.51,0.00,10575.62,10575.62,10575.62,0,
10/3/2022,10815.43,239.81,2.27,0.00,10815.43,10815.43,10815.43,0,
10/4/2022,11176.41,360.98,3.34,0.00,11176.41,11176.41,11176.41,0,
10/5/2022,11148.64,-27.77,-0.25,0.00,11148.64,11148.64,11148.64,0,
10/6/2022,11073.31,-75.33,-0.68,0.00,11073.31,11073.31,11073.31,0,
10/7/2022,10652.40,-420.91,-3.80,0.00,10652.40,10652.40,10652.40,0,
10/10/2022,10542.10,-110.30,-1.04,0.00,10542.10,10542.10,10542.10,0,
10/11/2022,10426.19,-115.91,-1.10,0.00,10426.19,10426.19,10426.19,0,
10/12/2022,10417.10,-9.09,-0.09,0.00,10417.10,10417.10,10417.10,0,
10/13/2022,10649.15,232.05,2.23,0.00,10649.15,10649.15,10649.15,0,
10/14/2022,10321.39,-327.76,-3.08,0.00,10321.39,10321.39,10321.39,0,
10/17/2022,10675.80,354.41,3.43,0.00,10675.80,10675.80,10675.80,0,
10/18/2022,10772.40,96.60,0.90,0.00,10772.40,10772.40,10772.40,0,
10/19/2022,10680.51,-91.89,-0.85,0.00,10680.51,10680.51,10680.51,0,
10/20/2022,10614.84,-65.67,-0.61,0.00,10614.84,10614.84,10614.84,0,
10/21/2022,10859.72,244.88,2.31,0.00,10859.72,10859.72,10859.72,0,
10/24/2022,10952.61,92.89,0.86,0.00,10952.61,10952.61,10952.61,0,
10/25/2022,11199.12,246.51,2.25,0.00,11199.12,11199.12,11199.12,0,
10/26/2022,10970.99,-228.13,-2.04,0.00,10970.99,10970.99,10970.99,0,
10/27/2022,10792.67,-178.32,-1.63,0.00,10792.67,10792.67,10792.67,0,
10/28/2022,11102.45,309.78,2.87,0.00,11102.45,11102.45,11102.45,0,
10/31/2022,10988.15,-114.30,-1.03,0.00,10988.15,10988.15,10988.15,0,
11/1/2022,10890.85,-97.30,-0.89,0.00,10890.85,10890.85,10890.85,0,
11/2/2022,10524.80,-366.05,-3.36,0.00,10524.80,10524.80,10524.80,0,
11/3/2022,10342.94,-181.86,-1.73,0.00,10342.94,10342.94,10342.94,0,
11/4/2022,10475.25,132.31,1.28,0.00,10475.25,10475.25,10475.25,0,
11/7/2022,10564.52,89.27,0.85,0.00,10564.52,10564.52,10564.52,0,
11/8/2022,10616.20,51.68,0.49,0.00,10616.20,10616.20,10616.20,0,
11/9/2022,10353.17,-263.03,-2.48,0.00,10353.17,10353.17,10353.17,0,
11/10/2022,11114.15,760.98,7.35,0.00,11114.15,11114.15,11114.15,0,
11/11/2022,11323.33,209.18,1.88,0.00,11323.33,11323.33,11323.33,0,
11/14/2022,11196.22,-127.11,-1.12,0.00,11196.22,11196.22,11196.22,0,
11/15/2022,11358.41,162.19,1.45,0.00,11358.41,11358.41,11358.41,0,
11/16/2022,11183.66,-174.75,-1.54,0.00,11183.66,11183.66,11183.66,0,
11/17/2022,11144.96,-38.70,-0.35,0.00,11144.96,11144.96,11144.96,0,
11/18/2022,11146.06,1.10,0.01,0.00,11146.06,11146.06,11146.06,0,
11/21/2022,11024.51,-121.55,-1.09,0.00,11024.51,11024.51,11024.51,0,
11/22/2022,11174.41,149.90,1.36,0.00,11174.41,11174.41,11174.41,0,
11/23/2022,11285.32,110.91,0.99,0.00,11285.32,11285.32,11285.32,0,
11/25/2022,11226.36,-58.96,-0.52,0.00,11226.36,11226.36,11226.36,0,
11/28/2022,11049.50,-176.86,-1.58,0.00,11049.50,11049.50,11049.50,0,
11/29/2022,10983.78,-65.72,-0.59,0.00,10983.78,10983.78,10983.78,0,
11/30/2022,11468.00,484.22,4.41,0.00,11468.00,11468.00,11468.00,0,
12/1/2022,11482.45,14.45,0.13,0.00,11482.45,11482.45,11482.45,0,
12/2/2022,11461.50,-20.95,-0.18,0.00,11461.50,11461.50,11461.50,0,
12/5/2022,11239.94,-221.56,-1.93,0.00,11239.94,11239.94,11239.94,0,
12/6/2022,11014.89,-225.05,-2.00,0.00,11014.89,11014.89,11014.89,0,
12/7/2022,10958.55,-56.34,-0.51,0.00,10958.55,10958.55,10958.55,0,
12/8/2022,11082.00,123.45,1.13,0.00,11082.00,11082.00,11082.00,0,
12/9/2022,11004.62,-77.38,-0.70,0.00,11004.62,11004.62,11004.62,0,
12/12/2022,11143.74,139.12,1.26,0.00,11143.74,11143.74,11143.74,0,
12/13/2022,11256.81,113.07,1.01,0.00,11256.81,11256.81,11256.81,0,
12/14/2022,11170.89,-85.92,-0.76,0.00,11170.89,11170.89,11170.89,0,
12/15/2022,10810.53,-360.36,-3.23,0.00,10810.53,10810.53,10810.53,0,
12/16/2022,10705.41,-105.12,-0.97,0.00,10705.41,10705.41,10705.41,0,
12/19/2022,10546.03,-159.38,-1.49,0.00,10546.03,10546.03,10546.03,0,
12/20/2022,10547.11,1.08,0.01,0.00,10547.11,10547.11,10547.11,0,
12/21/2022,10709.37,162.26,1.54,0.00,10709.37,10709.37,10709.37,0,
12/22/2022,10476.12,-233.25,-2.18,0.00,10476.12,10476.12,10476.12,0,
12/23/2022,10497.86,21.74,0.21,0.00,10497.86,10497.86,10497.86,0,
12/27/2022,10353.23,-144.63,-1.38,0.00,10353.23,10353.23,10353.23,0,
12/28/2022,10213.29,-139.94,-1.35,0.00,10213.29,10213.29,10213.29,0,
12/29/2022,10478.09,264.80,2.59,0.00,10478.09,10478.09,10478.09,0,
12/30/2022,10466.48,-11.61,-0.11,0.00,10466.48,10466.48,10466.48,0,
1/3/2023,10386.98,-79.50,-0.76,0.00,10386.98,10386.98,10386.98,0,
1/4/2023,10458.76,71.78,0.69,0.00,10458.76,10458.76,10458.76,0,
1/5/2023,10305.24,-153.52,-1.47,0.00,10305.24,10305.24,10305.24,0,
1/6/2023,10569.29,264.05,2.56,0.00,10569.29,10569.29,10569.29,0,
1/9/2023,10635.65,66.36,0.63,0.00,10635.65,10635.65,10635.65,0,
1/10/2023,10742.63,106.98,1.01,0.00,10742.63,10742.63,10742.63,0,
1/11/2023,10931.67,189.04,1.76,0.00,10931.67,10931.67,10931.67,0,
1/12/2023,11001.10,69.43,0.64,0.00,11001.10,11001.10,11001.10,0,
1/13/2023,11079.16,78.06,0.71,0.00,11079.16,11079.16,11079.16,0,
1/17/2023,11095.11,15.95,0.14,0.00,11095.11,11095.11,11095.11,0,
1/18/2023,10957.01,-138.10,-1.24,0.00,10957.01,10957.01,10957.01,0,
1/19/2023,10852.27,-104.74,-0.96,0.00,10852.27,10852.27,10852.27,0,
1/20/2023,11140.43,288.16,2.66,0.00,11140.43,11140.43,11140.43,0,
1/23/2023,11364.41,223.98,2.01,0.00,11364.41,11364.41,11364.41,0,
1/24/2023,11334.27,-30.14,-0.27,0.00,11334.27,11334.27,11334.27,0,
1/25/2023,11313.36,-20.91,-0.18,0.00,11313.36,11313.36,11313.36,0,
1/26/2023,11512.41,199.05,1.76,0.00,11512.41,11512.41,11512.41,0,
1/27/2023,11621.71,109.30,0.95,0.00,11621.71,11621.71,11621.71,0,
1/30/2023,11393.81,-227.90,-1.96,0.00,11393.81,11393.81,11393.81,0,
1/31/2023,11584.55,190.74,1.67,0.00,11584.55,11584.55,11584.55,0,
2/1/2023,11816.32,231.77,2.00,0.00,11816.32,11816.32,11816.32,0,
2/2/2023,12200.82,384.50,3.25,0.00,12200.82,12200.82,12200.82,0,
2/3/2023,12006.95,-193.87,-1.59,0.00,12006.95,12006.95,12006.95,0,
2/6/2023,11887.45,-119.50,-1.00,0.00,11887.45,11887.45,11887.45,0,
2/7/2023,12113.79,226.34,1.90,0.00,12113.79,12113.79,12113.79,0,
2/8/2023,11910.52,-203.27,-1.68,0.00,11910.52,11910.52,11910.52,0,
2/9/2023,11789.58,-120.94,-1.02,0.00,11789.58,11789.58,11789.58,0,
2/10/2023,11718.12,-71.46,-0.61,0.00,11718.12,11718.12,11718.12,0,
2/13/2023,11891.79,173.67,1.48,0.00,11891.79,11891.79,11891.79,0,
2/14/2023,11960.15,68.36,0.57,0.00,11960.15,11960.15,11960.15,0,
2/15/2023,12070.59,110.44,0.92,0.00,12070.59,12070.59,12070.59,0,
2/16/2023,11855.83,-214.76,-1.78,0.00,11855.83,11855.83,11855.83,0,
2/17/2023,11787.27,-68.56,-0.58,0.00,11787.27,11787.27,11787.27,0,
2/21/2023,11492.30,-294.97,-2.50,0.00,11492.30,11492.30,11492.30,0,
2/22/2023,11507.07,14.77,0.13,0.00,11507.07,11507.07,11507.07,0,
2/23/2023,11590.40,83.33,0.72,0.00,11590.40,11590.40,11590.40,0,
2/24/2023,11394.94,-195.46,-1.69,0.00,11394.94,11394.94,11394.94,0,
2/27/2023,11466.98,72.04,0.63,0.00,11466.98,11466.98,11466.98,0,
2/28/2023,11455.54,-11.44,-0.10,0.00,11455.54,11455.54,11455.54,0,
3/1/2023,11379.48,-76.06,-0.66,0.00,11379.48,11379.48,11379.48,0,
3/2/2023,11462.98,83.50,0.73,0.00,11462.98,11462.98,11462.98,0,
3/3/2023,11689.01,226.03,1.97,0.00,11689.01,11689.01,11689.01,0,
3/6/2023,11675.74,-13.27,-0.11,0.00,11675.74,11675.74,11675.74,0,
3/7/2023,11530.33,-145.41,-1.25,0.00,11530.33,11530.33,11530.33,0,
3/8/2023,11576.00,45.67,0.40,0.00,11576.00,11576.00,11576.00,0,
3/9/2023,11338.35,-237.65,-2.05,0.00,11338.35,11338.35,11338.35,0,
3/10/2023,11138.89,-199.46,-1.76,0.00,11138.89,11138.89,11138.89,0,
3/13/2023,11188.84,49.95,0.45,0.00,11188.84,11188.84,11188.84,0,
3/14/2023,11428.15,239.31,2.14,0.00,11428.15,11428.15,11428.15,0,
3/15/2023,11434.05,5.90,0.05,0.00,11434.05,11434.05,11434.05,0,
3/16/2023,11717.28,283.23,2.48,0.00,11717.28,11717.28,11717.28,0,
3/17/2023,11630.51,-86.77,-0.74,0.00,11630.51,11630.51,11630.51,0,
3/20/2023,11675.54,45.03,0.39,0.00,11675.54,11675.54,11675.54,0,
3/21/2023,11860.11,184.57,1.58,0.00,11860.11,11860.11,11860.11,0,
3/22/2023,11669.96,-190.15,-1.60,0.00,11669.96,11669.96,11669.96,0,
3/23/2023,11787.40,117.44,1.01,0.00,11787.40,11787.40,11787.40,0,
3/24/2023,11823.96,36.56,0.31,0.00,11823.96,11823.96,11823.96,0,
3/27/2023,11768.84,-55.12,-0.47,0.00,11768.84,11768.84,11768.84,0,
3/28/2023,11716.08,-52.76,-0.45,0.00,11716.08,11716.08,11716.08,0,
3/29/2023,11926.24,210.16,1.79,0.00,11926.24,11926.24,11926.24,0,
3/30/2023,12013.47,87.23,0.73,0.00,12013.47,12013.47,12013.47,0,
3/31/2023,12221.91,208.44,1.74,0.00,12221.91,12221.91,12221.91,0,
4/3/2023,12189.45,-32.46,-0.27,0.00,12189.45,12189.45,12189.45,0,
4/4/2023,12126.33,-63.12,-0.52,0.00,12126.33,12126.33,12126.33,0,
4/5/2023,11996.86,-129.47,-1.07,0.00,11996.86,11996.86,11996.86,0,
4/6/2023,12087.96,91.10,0.76,0.00,12087.96,12087.96,12087.96,0,
4/10/2023,12084.36,-3.60,-0.03,0.00,12084.36,12084.36,12084.36,0,
4/11/2023,12031.88,-52.48,-0.43,0.00,12031.88,12031.88,12031.88,0,
4/12/2023,11929.34,-102.54,-0.85,0.00,11929.34,11929.34,11929.34,0,
4/13/2023,12166.27,236.93,1.99,0.00,12166.27,12166.27,12166.27,0,
4/14/2023,12123.47,-42.80,-0.35,0.00,12123.47,12123.47,12123.47,0,
4/17/2023,12157.72,34.25,0.28,0.00,12157.72,12157.72,12157.72,0,
4/18/2023,12153.41,-4.31,-0.04,0.00,12153.41,12153.41,12153.41,0,
4/19/2023,12157.23,3.82,0.03,0.00,12157.23,12157.23,12157.23,0,
4/20/2023,12059.56,-97.67,-0.80,0.00,12059.56,12059.56,12059.56,0,
4/21/2023,12072.46,12.90,0.11,0.00,12072.46,12072.46,12072.46,0,
4/24/2023,12037.20,-35.26,-0.29,0.00,12037.20,12037.20,12037.20,0,
4/25/2023,11799.16,-238.04,-1.98,0.00,11799.16,11799.16,11799.16,0,
4/26/2023,11854.35,55.19,0.47,0.00,11854.35,11854.35,11854.35,0,
4/27/2023,12142.24,287.89,2.43,0.00,12142.24,12142.24,12142.24,0,
4/28/2023,12226.58,84.34,0.69,0.00,12226.58,12226.58,12226.58,0,
5/1/2023,12212.60,-13.98,-0.11,0.00,12212.60,12212.60,12212.60,0,
5/2/2023,12080.51,-132.09,-1.08,0.00,12080.51,12080.51,12080.51,0,
5/3/2023,12025.33,-55.18,-0.46,0.00,12025.33,12025.33,12025.33,0,
5/4/2023,11966.40,-58.93,-0.49,0.00,11966.40,11966.40,11966.40,0,
5/5/2023,12235.41,269.01,2.25,0.00,12235.41,12235.41,12235.41,0,
5/8/2023,12256.92,21.51,0.18,0.00,12256.92,12256.92,12256.92,0,
5/9/2023,12179.55,-77.37,-0.63,0.00,12179.55,12179.55,12179.55,0,
5/10/2023,12306.44,126.89,1.04,0.00,12306.44,12306.44,12306.44,0,
5/11/2023,12328.51,22.07,0.18,0.00,12328.51,12328.51,12328.51,0,
5/12/2023,12284.74,-43.77,-0.36,0.00,12284.74,12284.74,12284.74,0,
5/15/2023,12365.21,80.47,0.66,0.00,12365.21,12365.21,12365.21,0,
5/16/2023,12343.05,-22.16,-0.18,0.00,12343.05,12343.05,12343.05,0,
5/17/2023,12500.57,157.52,1.28,0.00,12500.57,12500.57,12500.57,0,
5/18/2023,12688.84,188.27,1.51,0.00,12688.84,12688.84,12688.84,0,
5/19/2023,12657.90,-30.94,-0.24,0.00,12657.90,12657.90,12657.90,0,
5/22/2023,12720.78,62.88,0.50,0.00,12720.78,12720.78,12720.78,0,
5/23/2023,12560.25,-160.53,-1.26,0.00,12560.25,12560.25,12560.25,0,
5/24/2023,12484.16,-76.09,-0.61,0.00,12484.16,12484.16,12484.16,0,
5/25/2023,12698.09,213.93,1.71,0.00,12698.09,12698.09,12698.09,0,
5/26/2023,12975.69,277.60,2.19,0.00,12975.69,12975.69,12975.69,0,
5/30/2023,13017.43,41.74,0.32,0.00,13017.43,13017.43,13017.43,0,
5/31/2023,12935.29,-82.14,-0.63,0.00,12935.29,12935.29,12935.29,0,
6/1/2023,13100.98,165.69,1.28,0.00,13100.98,13100.98,13100.98,0,
6/2/2023,13240.77,139.79,1.07,0.00,13240.77,13240.77,13240.77,0,
6/5/2023,13229.43,-11.34,-0.09,0.00,13229.43,13229.43,13229.43,0,
6/6/2023,13276.42,46.99,0.36,0.00,13276.42,13276.42,13276.42,0,
6/7/2023,13104.90,-171.52,-1.29,0.00,13104.90,13104.90,13104.90,0,
6/8/2023,13238.52,133.62,1.02,0.00,13238.52,13238.52,13238.52,0,
6/9/2023,13259.14,20.62,0.16,0.00,13259.14,13259.14,13259.14,0,
6/12/2023,13461.92,202.78,1.53,0.00,13461.92,13461.92,13461.92,0,
6/13/2023,13573.32,111.40,0.83,0.00,13573.32,13573.32,13573.32,0,
6/14/2023,13626.48,53.16,0.39,0.00,13626.48,13626.48,13626.48,0,
6/15/2023,13782.82,156.34,1.15,0.00,13782.82,13782.82,13782.82,0,
6/16/2023,13689.57,-93.25,-0.68,0.00,13689.57,13689.57,13689.57,0,
6/20/2023,13667.29,-22.28,-0.16,0.00,13667.29,13667.29,13667.29,0,
6/21/2023,13502.20,-165.09,-1.21,0.00,13502.20,13502.20,13502.20,0,
6/22/2023,13630.61,128.41,0.95,0.00,13630.61,13630.61,13630.61,0,
6/23/2023,13492.52,-138.09,-1.01,0.00,13492.52,13492.52,13492.52,0,
6/26/2023,13335.78,-156.74,-1.16,0.00,13335.78,13335.78,13335.78,0,
6/27/2023,13555.67,219.89,1.65,0.00,13555.67,13555.67,13555.67,0,
6/28/2023,13591.75,36.08,0.27,0.00,13591.75,13591.75,13591.75,0,
6/29/2023,13591.33,-0.42,0.00,0.00,13591.33,13591.33,13591.33,0,
6/30/2023,13787.92,196.59,1.45,0.00,13787.92,13787.92,13787.92,0,
7/3/2023,13816.77,28.85,0.21,0.00,13816.77,13816.77,13816.77,0,
7/5/2023,13791.65,-25.12,-0.18,0.00,13791.65,13791.65,13791.65,0,
7/6/2023,13679.04,-112.61,-0.82,0.00,13679.04,13679.04,13679.04,0,
7/7/2023,13660.72,-18.32,-0.13,0.00,13660.72,13660.72,13660.72,0,
7/10/2023,13685.48,24.76,0.18,0.00,13685.48,13685.48,13685.48,0,
7/11/2023,13760.70,75.22,0.55,0.00,13760.70,13760.70,13760.70,0,
7/12/2023,13918.96,158.26,1.15,0.00,13918.96,13918.96,13918.96,0,
7/13/2023,14138.57,219.61,1.58,0.00,14138.57,14138.57,14138.57,0,
7/14/2023,14113.70,-24.87,-0.18,0.00,14113.70,14113.70,14113.70,0,
7/17/2023,14244.95,131.25,0.93,0.00,14244.95,14244.95,14244.95,0,
7/18/2023,14353.64,108.69,0.76,0.00,14353.64,14353.64,14353.64,0,
7/19/2023,14358.02,4.38,0.03,0.00,14358.02,14358.02,14358.02,0,
7/20/2023,14063.31,-294.71,-2.05,0.00,14063.31,14063.31,14063.31,0,
7/21/2023,14032.81,-30.50,-0.22,0.00,14032.81,14032.81,14032.81,0,
7/24/2023,14058.87,26.06,0.19,0.00,14058.87,14058.87,14058.87,0,
7/25/2023,14144.56,85.69,0.61,0.00,14144.56,14144.56,14144.56,0,
7/26/2023,14127.28,-17.28,-0.12,0.00,14127.28,14127.28,14127.28,0,
7/27/2023,14050.11,-77.17,-0.55,0.00,14050.11,14050.11,14050.11,0,
7/28/2023,14316.66,266.55,1.90,0.00,14316.66,14316.66,14316.66,0,
7/31/2023,14346.02,29.36,0.21,0.00,14346.02,14346.02,14346.02,0,
8/1/2023,14283.91,-62.11,-0.43,0.00,14283.91,14283.91,14283.91,0,
8/2/2023,13973.45,-310.46,-2.17,0.00,13973.45,13973.45,13973.45,0,
8/3/2023,13959.72,-13.73,-0.10,0.00,13959.72,13959.72,13959.72,0,
8/4/2023,13909.24,-50.48,-0.36,0.00,13909.24,13909.24,13909.24,0,
8/7/2023,13994.40,85.16,0.61,0.00,13994.40,13994.40,13994.40,0,
8/8/2023,13884.32,-110.08,-0.79,0.00,13884.32,13884.32,13884.32,0,
8/9/2023,13722.02,-162.30,-1.17,0.00,13722.02,13722.02,13722.02,0,
8/10/2023,13737.99,15.97,0.12,0.00,13737.99,13737.99,13737.99,0,
8/11/2023,13644.85,-93.14,-0.68,0.00,13644.85,13644.85,13644.85,0,
8/14/2023,13788.33,143.48,1.05,0.00,13788.33,13788.33,13788.33,0,
8/15/2023,13631.05,-157.28,-1.14,0.00,13631.05,13631.05,13631.05,0,
8/16/2023,13474.63,-156.42,-1.15,0.00,13474.63,13474.63,13474.63,0,
8/17/2023,13316.93,-157.70,-1.17,0.00,13316.93,13316.93,13316.93,0,
8/18/2023,13290.78,-26.15,-0.20,0.00,13290.78,13290.78,13290.78,0,
8/21/2023,13497.59,206.81,1.56,0.00,13497.59,13497.59,13497.59,0,
8/22/2023,13505.87,8.28,0.06,0.00,13505.87,13505.87,13505.87,0,
8/23/2023,13721.03,215.16,1.59,0.00,13721.03,13721.03,13721.03,0,
8/24/2023,13463.97,-257.06,-1.87,0.00,13463.97,13463.97,13463.97,0,
8/25/2023,13590.65,126.68,0.94,0.00,13590.65,13590.65,13590.65,0,
8/28/2023,13705.13,114.48,0.84,0.00,13705.13,13705.13,13705.13,0,
8/29/2023,13943.76,238.63,1.74,0.00,13943.76,13943.76,13943.76,0,
8/30/2023,14019.31,75.55,0.54,0.00,14019.31,14019.31,14019.31,0,
8/31/2023,14034.97,15.66,0.11,0.00,14034.97,14034.97,14034.97,0,
9/1/2023,14031.81,-3.16,-0.02,0.00,14031.81,14031.81,14031.81,0,
9/5/2023,14020.95,-10.86,-0.08,0.00,14020.95,14020.95,14020.95,0,
9/6/2023,13872.47,-148.48,-1.06,0.00,13872.47,13872.47,13872.47,0,
9/7/2023,13748.83,-123.64,-0.89,0.00,13748.83,13748.83,13748.83,0,
9/8/2023,13761.53,12.70,0.09,0.00,13761.53,13761.53,13761.53,0,
9/11/2023,13917.89,156.36,1.14,0.00,13917.89,13917.89,13917.89,0,
9/12/2023,13773.61,-144.28,-1.04,0.00,13773.61,13773.61,13773.61,0,
9/13/2023,13813.59,39.98,0.29,0.00,13813.59,13813.59,13813.59,0,
9/14/2023,13926.05,112.46,0.81,0.00,13926.05,13926.05,13926.05,0,
9/15/2023,13708.33,-217.72,-1.56,0.00,13708.33,13708.33,13708.33,0,
9/18/2023,13710.24,1.91,0.01,0.00,13710.24,13710.24,13710.24,0,
9/19/2023,13678.19,-32.05,-0.23,0.00,13678.19,13678.19,13678.19,0,
9/20/2023,13469.13,-209.06,-1.53,0.00,13469.13,13469.13,13469.13,0,
9/21/2023,13223.98,-245.15,-1.82,0.00,13223.98,13223.98,13223.98,0,
9/22/2023,13211.81,-12.17,-0.09,0.00,13211.81,13211.81,13211.81,0,
9/25/2023,13271.32,59.51,0.45,0.00,13271.32,13271.32,13271.32,0,
9/26/2023,13063.61,-207.71,-1.57,0.00,13063.61,13063.61,13063.61,0,
9/27/2023,13092.85,29.24,0.22,0.00,13092.85,13092.85,13092.85,0,
9/28/2023,13201.28,108.43,0.83,0.00,13201.28,13201.28,13201.28,0,
9/29/2023,13219.32,18.04,0.14,0.00,13219.32,13219.32,13219.32,0,
10/2/2023,13307.77,88.45,0.67,0.00,13307.77,13307.77,13307.77,0,
10/3/2023,13059.47,-248.30,-1.87,0.00,13059.47,13059.47,13059.47,0,
10/4/2023,13236.01,176.54,1.35,0.00,13236.01,13236.01,13236.01,0,
10/5/2023,13219.83,-16.18,-0.12,0.00,13219.83,13219.83,13219.83,0,
10/6/2023,13431.34,211.51,1.60,0.00,13431.34,13431.34,13431.34,0,
10/9/2023,13484.24,52.90,0.39,0.00,13484.24,13484.24,13484.24,0,
10/10/2023,13562.84,78.60,0.58,0.00,13562.84,13562.84,13562.84,0,
10/11/2023,13659.68,96.84,0.71,0.00,13659.68,13659.68,13659.68,0,
10/12/2023,13574.22,-85.46,-0.63,0.00,13574.22,13574.22,13574.22,0,
10/13/2023,13407.23,-166.99,-1.23,0.00,13407.23,13407.23,13407.23,0,
10/16/2023,13567.98,160.75,1.20,0.00,13567.98,13567.98,13567.98,0,
10/17/2023,13533.75,-34.23,-0.25,0.00,13533.75,13533.75,13533.75,0,
10/18/2023,13314.30,-219.45,-1.62,0.00,13314.30,13314.30,13314.30,0,
10/19/2023,13186.18,-128.12,-0.96,0.00,13186.18,13186.18,13186.18,0,
10/20/2023,12983.81,-202.37,-1.53,0.00,12983.81,12983.81,12983.81,0,
10/23/2023,13018.33,34.52,0.27,0.00,13018.33,13018.33,13018.33,0,
10/24/2023,13139.87,121.54,0.93,0.00,13139.87,13139.87,13139.87,0,
10/25/2023,12821.22,-318.65,-2.43,0.00,12821.22,12821.22,12821.22,0,
10/26/2023,12595.61,-225.61,-1.76,0.00,12595.61,12595.61,12595.61,0,
10/27/2023,12643.01,47.40,0.38,0.00,12643.01,12643.01,12643.01,0,
10/30/2023,12789.48,146.47,1.16,0.00,12789.48,12789.48,12789.48,0,
10/31/2023,12851.24,61.76,0.48,0.00,12851.24,12851.24,12851.24,0,
11/1/2023,13061.47,210.23,1.64,0.00,13061.47,13061.47,13061.47,0,
11/2/2023,13294.19,232.72,1.78,0.00,13294.19,13294.19,13294.19,0,
11/3/2023,13478.28,184.09,1.38,0.00,13478.28,13478.28,13478.28,0,
11/6/2023,13518.78,40.50,0.30,0.00,13518.78,13518.78,13518.78,0,
11/7/2023,13639.86,121.08,0.90,0.00,13639.86,13639.86,13639.86,0,
11/8/2023,13650.41,10.55,0.08,0.00,13650.41,13650.41,13650.41,0,
11/9/2023,13521.45,-128.96,-0.94,0.00,13521.45,13521.45,13521.45,0,
11/10/2023,13798.11,276.66,2.05,0.00,13798.11,13798.11,13798.11,0,
11/13/2023,13767.74,-30.37,-0.22,0.00,13767.74,13767.74,13767.74,0,
11/14/2023,14094.38,326.64,2.37,0.00,14094.38,14094.38,14094.38,0,
11/15/2023,14103.84,9.46,0.07,0.00,14103.84,14103.84,14103.84,0,
11/16/2023,14113.67,9.83,0.07,0.00,14113.67,14113.67,14113.67,0,
11/17/2023,14125.48,11.81,0.08,0.00,14125.48,14125.48,14125.48,0,
11/20/2023,14284.53,159.05,1.13,0.00,14284.53,14284.53,14284.53,0,
11/21/2023,14199.98,-84.55,-0.59,0.00,14199.98,14199.98,14199.98,0,
11/22/2023,14265.86,65.88,0.46,0.00,14265.86,14265.86,14265.86,0,
11/24/2023,14250.85,-15.01,-0.11,0.00,14250.85,14250.85,14250.85,0,
11/27/2023,14241.02,-9.83,-0.07,0.00,14241.02,14241.02,14241.02,0,
11/28/2023,14281.76,40.74,0.29,0.00,14281.76,14281.76,14281.76,0,
11/29/2023,14258.49,-23.27,-0.16,0.00,14258.49,14258.49,14258.49,0,
11/30/2023,14226.22,-32.27,-0.23,0.00,14226.22,14226.22,14226.22,0,
12/1/2023,14305.03,78.81,0.55,0.00,14305.03,14305.03,14305.03,0,
12/4/2023,14185.49,-119.54,-0.84,0.00,14185.49,14185.49,14185.49,0,
12/5/2023,14229.91,44.42,0.31,0.00,14229.91,14229.91,14229.91,0,
12/6/2023,14146.71,-83.20,-0.58,0.00,14146.71,14146.71,14146.71,0,
12/7/2023,14339.99,193.28,1.37,0.00,14339.99,14339.99,14339.99,0,
12/8/2023,14403.97,63.98,0.45,0.00,14403.97,14403.97,14403.97,0,
12/11/2023,14432.49,28.52,0.20,0.00,14432.49,14432.49,14432.49,0,
12/12/2023,14533.40,100.91,0.70,0.00,14533.40,14533.40,14533.40,0,
12/13/2023,14733.96,200.56,1.38,0.00,14733.96,14733.96,14733.96,0,
12/14/2023,14761.56,27.60,0.19,0.00,14761.56,14761.56,14761.56,0,
12/15/2023,14813.92,52.36,0.35,0.00,14813.92,14813.92,14813.92,0,
12/18/2023,14904.81,90.89,0.61,0.00,14904.81,14904.81,14904.81,0,
12/19/2023,15003.22,98.41,0.66,0.00,15003.22,15003.22,15003.22,0,
12/20/2023,14777.94,-225.28,-1.50,0.00,14777.94,14777.94,14777.94,0,
12/21/2023,14963.87,185.93,1.26,0.00,14963.87,14963.87,14963.87,0,
12/22/2023,14992.97,29.10,0.19,0.00,14992.97,14992.97,14992.97,0,
12/26/2023,15074.57,81.60,0.54,0.00,15074.57,15074.57,15074.57,0,
12/27/2023,15099.18,24.61,0.16,0.00,15099.18,15099.18,15099.18,0,
12/28/2023,15095.14,-4.04,-0.03,0.00,15095.14,15095.14,15095.14,0,
12/29/2023,15011.35,-83.79,-0.56,0.00,15011.35,15011.35,15011.35,0,
1/2/2024,14765.94,-245.41,-1.63,0.00,14765.94,14765.94,14765.94,0,
1/3/2024,14592.21,-173.73,-1.18,0.00,14592.21,14592.21,14592.21,0,
1/4/2024,14510.30,-81.91,-0.56,0.00,14510.30,14510.30,14510.30,0,
1/5/2024,14524.07,13.77,0.09,0.00,14524.07,14524.07,14524.07,0,
1/8/2024,14843.77,319.70,2.20,0.00,14843.77,14843.77,14843.77,0,
1/9/2024,14857.71,13.94,0.09,0.00,14857.71,14857.71,14857.71,0,
1/10/2024,14969.65,111.94,0.75,0.00,14969.65,14969.65,14969.65,0,
1/11/2024,14970.19,0.54,0.00,0.00,14970.19,14970.19,14970.19,0,
1/12/2024,14972.76,2.57,0.02,0.00,14972.76,14972.76,14972.76,0,
1/16/2024,14944.35,-28.41,-0.19,0.00,14944.35,14944.35,14944.35,0,
1/17/2024,14855.62,-88.73,-0.59,0.00,14855.62,14855.62,14855.62,0,
1/18/2024,15055.65,200.03,1.35,0.00,15055.65,15055.65,15055.65,0,
1/19/2024,15310.97,255.32,1.70,0.00,15310.97,15310.97,15310.97,0,
1/22/2024,15360.29,49.32,0.32,0.00,15360.29,15360.29,15360.29,0,
1/23/2024,15425.94,65.65,0.43,0.00,15425.94,15425.94,15425.94,0,
1/24/2024,15481.92,55.98,0.36,0.00,15481.92,15481.92,15481.92,0,
1/25/2024,15510.50,28.58,0.18,0.00,15510.50,15510.50,15510.50,0,
1/26/2024,15455.36,-55.14,-0.36,0.00,15455.36,15455.36,15455.36,0,
1/29/2024,15628.04,172.68,1.12,0.00,15628.04,15628.04,15628.04,0,
1/30/2024,15509.90,-118.14,-0.76,0.00,15509.90,15509.90,15509.90,0,
1/31/2024,15164.01,-345.89,-2.23,0.00,15164.01,15164.01,15164.01,0,
2/1/2024,15361.64,197.63,1.30,0.00,15361.64,15361.64,15361.64,0,
2/2/2024,15628.95,267.31,1.74,0.00,15628.95,15628.95,15628.95,0,
2/5/2024,15597.68,-31.27,-0.20,0.00,15597.68,15597.68,15597.68,0,
2/6/2024,15609.00,11.32,0.07,0.00,15609.00,15609.00,15609.00,0,
2/7/2024,15756.64,147.64,0.95,0.00,15756.64,15756.64,15756.64,0,
2/8/2024,15793.71,37.07,0.24,0.00,15793.71,15793.71,15793.71,0,
2/9/2024,15990.66,196.95,1.25,0.00,15990.66,15990.66,15990.66,0,
2/12/2024,15942.55,-48.11,-0.30,0.00,15942.55,15942.55,15942.55,0,
2/13/2024,15655.60,-286.95,-1.80,0.00,15655.60,15655.60,15655.60,0,
2/14/2024,15859.15,203.55,1.30,0.00,15859.15,15859.15,15859.15,0,
2/15/2024,15906.17,47.02,0.30,0.00,15906.17,15906.17,15906.17,0,
2/16/2024,15775.65,-130.52,-0.82,0.00,15775.65,15775.65,15775.65,0,
2/20/2024,15630.78,-144.87,-0.92,0.00,15630.78,15630.78,15630.78,0,
2/21/2024,15580.87,-49.91,-0.32,0.00,15580.87,15580.87,15580.87,0,
2/22/2024,16041.62,460.75,2.96,0.00,16041.62,16041.62,16041.62,0,
2/23/2024,15996.82,-44.80,-0.28,0.00,15996.82,15996.82,15996.82,0,
2/26/2024,15976.25,-20.57,-0.13,0.00,15976.25,15976.25,15976.25,0,
2/27/2024,16035.30,59.05,0.37,0.00,16035.30,16035.30,16035.30,0,
2/28/2024,15947.74,-87.56,-0.55,0.00,15947.74,15947.74,15947.74,0,
2/29/2024,16091.92,144.18,0.90,0.00,16091.92,16091.92,16091.92,0,
3/1/2024,16274.94,183.02,1.14,0.00,16274.94,16274.94,16274.94,0,
3/4/2024,16207.51,-67.43,-0.41,0.00,16207.51,16207.51,16207.51,0,
3/5/2024,15939.59,-267.92,-1.65,0.00,15939.59,15939.59,15939.59,0,
3/6/2024,16031.54,91.95,0.58,0.00,16031.54,16031.54,16031.54,0,
3/7/2024,16273.38,241.84,1.51,0.00,16273.38,16273.38,16273.38,0,
3/8/2024,16085.11,-188.27,-1.16,0.00,16085.11,16085.11,16085.11,0,
3/11/2024,16019.27,-65.84,-0.41,0.00,16019.27,16019.27,16019.27,0,
3/12/2024,16265.64,246.37,1.54,0.00,16265.64,16265.64,16265.64,0,
3/13/2024,16177.77,-87.87,-0.54,0.00,16177.77,16177.77,16177.77,0,
3/14/2024,16128.53,-49.24,-0.30,0.00,16128.53,16128.53,16128.53,0,
3/15/2024,15973.17,-155.36,-0.96,0.00,15973.17,15973.17,15973.17,0,
3/18/2024,16103.45,130.28,0.82,0.00,16103.45,16103.45,16103.45,0,
3/19/2024,16166.79,63.34,0.39,0.00,16166.79,16166.79,16166.79,0,
3/20/2024,16369.41,202.62,1.25,0.00,16369.41,16369.41,16369.41,0,
3/21/2024,16401.84,32.43,0.20,0.00,16401.84,16401.84,16401.84,0,
3/22/2024,16428.82,26.98,0.16,0.00,16428.82,16428.82,16428.82,0,
3/25/2024,16384.47,-44.35,-0.27,0.00,16384.47,16384.47,16384.47,0,
3/26/2024,16315.70,-68.77,-0.42,0.00,16315.70,16315.70,16315.70,0,
3/27/2024,16399.52,83.82,0.51,0.00,16399.52,16399.52,16399.52,0,
3/28/2024,16379.46,-20.06,-0.12,0.00,16379.46,16379.46,16379.46,0,
4/1/2024,16396.83,17.37,0.11,0.00,16396.83,16396.83,16396.83,0,
4/2/2024,16240.45,-156.38,-0.95,0.00,16240.45,16240.45,16240.45,0,
4/3/2024,16277.46,37.01,0.23,0.00,16277.46,16277.46,16277.46,0,
4/4/2024,16049.08,-228.38,-1.40,0.00,16049.08,16049.08,16049.08,0,
4/5/2024,16248.52,199.44,1.24,0.00,16248.52,16248.52,16248.52,0,
4/8/2024,16253.96,5.44,0.03,0.00,16253.96,16253.96,16253.96,0,
4/9/2024,16306.64,52.68,0.32,0.00,16306.64,16306.64,16306.64,0,
4/10/2024,16170.36,-136.28,-0.84,0.00,16170.36,16170.36,16170.36,0,
4/11/2024,16442.20,271.84,1.68,0.00,16442.20,16442.20,16442.20,0,
4/12/2024,16175.09,-267.11,-1.62,0.00,16175.09,16175.09,16175.09,0,
4/15/2024,15885.02,-290.07,-1.79,0.00,15885.02,15885.02,15885.02,0,
4/16/2024,15865.25,-19.77,-0.12,0.00,15865.25,15865.25,15865.25,0,
4/17/2024,15683.37,-181.88,-1.15,0.00,15683.37,15683.37,15683.37,0,
4/18/2024,15601.50,-81.87,-0.52,0.00,15601.50,15601.50,15601.50,0,
4/19/2024,15282.01,-319.49,-2.05,0.00,15282.01,15282.01,15282.01,0,
4/22/2024,15451.31,169.30,1.11,0.00,15451.31,15451.31,15451.31,0,
4/23/2024,15696.64,245.33,1.59,0.00,15696.64,15696.64,15696.64,0,
4/24/2024,15712.75,16.11,0.10,0.00,15712.75,15712.75,15712.75,0,
4/25/2024,15611.76,-100.99,-0.64,0.00,15611.76,15611.76,15611.76,0,
4/26/2024,15927.90,316.14,2.03,0.00,15927.90,15927.90,15927.90,0,
4/29/2024,15983.08,55.18,0.35,0.00,15983.08,15983.08,15983.08,0,
4/30/2024,15657.82,-325.26,-2.04,0.00,15657.82,15657.82,15657.82,0,
5/1/2024,15605.48,-52.34,-0.33,0.00,15605.48,15605.48,15605.48,0,
5/2/2024,15840.96,235.48,1.51,0.00,15840.96,15840.96,15840.96,0,
5/3/2024,16156.33,315.37,1.99,0.00,16156.33,16156.33,16156.33,0,
5/6/2024,16349.25,192.92,1.19,0.00,16349.25,16349.25,16349.25,0,
5/7/2024,16332.56,-16.69,-0.10,0.00,16332.56,16332.56,16332.56,0,
5/8/2024,16302.76,-29.80,-0.18,0.00,16302.76,16302.76,16302.76,0,
5/9/2024,16346.26,43.50,0.27,0.00,16346.26,16346.26,16346.26,0,
5/10/2024,16340.87,-5.39,-0.03,0.00,16340.87,16340.87,16340.87,0,
5/13/2024,16388.24,47.37,0.29,0.00,16388.24,16388.24,16388.24,0,
5/14/2024,16511.18,122.94,0.75,0.00,16511.18,16511.18,16511.18,0,
5/15/2024,16742.39,231.21,1.40,0.00,16742.39,16742.39,16742.39,0,
5/16/2024,16698.32,-44.07,-0.26,0.00,16698.32,16698.32,16698.32,0,
5/17/2024,16685.97,-12.35,-0.07,0.00,16685.97,16685.97,16685.97,0,
5/20/2024,16794.87,108.90,0.65,0.00,16794.87,16794.87,16794.87,0,
5/21/2024,16832.62,37.75,0.22,0.00,16832.62,16832.62,16832.62,0,
5/22/2024,16801.54,-31.08,-0.18,0.00,16801.54,16801.54,16801.54,0,
5/23/2024,16736.03,-65.51,-0.39,0.00,16736.03,16736.03,16736.03,0,
5/24/2024,16920.79,184.76,1.10,0.00,16920.79,16920.79,16920.79,0,
5/28/2024,17019.88,99.09,0.59,0.00,17019.88,17019.88,17019.88,0,
5/29/2024,16920.58,-99.30,-0.58,0.00,16920.58,16920.58,16920.58,0,
5/30/2024,16737.08,-183.50,-1.08,0.00,16737.08,16737.08,16737.08,0,
5/31/2024,16735.02,-2.06,-0.01,0.00,16735.02,16735.02,16735.02,0,
6/3/2024,16828.67,93.65,0.56,0.00,16828.67,16828.67,16828.67,0,
6/4/2024,16857.05,28.38,0.17,0.00,16857.05,16857.05,16857.05,0,
6/5/2024,17187.90,330.85,1.96,0.00,17187.90,17187.90,17187.90,0,
6/6/2024,17173.12,-14.78,-0.09,0.00,17173.12,17173.12,17173.12,0,
6/7/2024,17133.13,-39.99,-0.23,0.00,17133.13,17133.13,17133.13,0,
6/10/2024,17192.53,59.40,0.35,0.00,17192.53,17192.53,17192.53,0,
6/11/2024,17343.55,151.02,0.88,0.00,17343.55,17343.55,17343.55,0,
6/12/2024,17608.44,264.89,1.53,0.00,17608.44,17608.44,17608.44,0,
6/13/2024,17667.56,59.12,0.34,0.00,17667.56,17667.56,17667.56,0,
6/14/2024,17688.88,21.32,0.12,0.00,17688.88,17688.88,17688.88,0,
6/17/2024,17857.02,168.14,0.95,0.00,17857.02,17857.02,17857.02,0,
6/18/2024,17862.23,5.21,0.03,0.00,17862.23,17862.23,17862.23,0,
6/20/2024,17721.59,-140.64,-0.79,0.00,17721.59,17721.59,17721.59,0,
6/21/2024,17689.36,-32.23,-0.18,0.00,17689.36,17689.36,17689.36,0,
6/24/2024,17496.82,-192.54,-1.09,0.00,17496.82,17496.82,17496.82,0,
6/25/2024,17717.65,220.83,1.26,0.00,17717.65,17717.65,17717.65,0,
6/26/2024,17805.16,87.51,0.49,0.00,17805.16,17805.16,17805.16,0,
6/27/2024,17858.68,53.52,0.30,0.00,17858.68,17858.68,17858.68,0,
6/28/2024,17732.60,-126.08,-0.71,0.00,17732.60,17732.60,17732.60,0,
7/1/2024,17879.30,146.70,0.83,0.00,17879.30,17879.30,17879.30,0,
7/2/2024,18028.76,149.46,0.84,0.00,18028.76,18028.76,18028.76,0,
7/3/2024,18188.30,159.54,0.88,0.00,18188.30,18188.30,18188.30,0,
7/5/2024,18352.76,164.46,0.90,0.00,18352.76,18352.76,18352.76,0,
7/8/2024,18403.74,50.98,0.28,0.00,18403.74,18403.74,18403.74,0,
7/9/2024,18429.29,25.55,0.14,0.00,18429.29,18429.29,18429.29,0,
7/10/2024,18647.45,218.16,1.18,0.00,18647.45,18647.45,18647.45,0,
7/11/2024,18283.41,-364.04,-1.95,0.00,18283.41,18283.41,18283.41,0,
7/12/2024,18398.45,115.04,0.63,0.00,18398.45,18398.45,18398.45,0,
7/15/2024,18472.57,74.12,0.40,0.00,18472.57,18472.57,18472.57,0,
7/16/2024,18509.34,36.77,0.20,0.00,18509.34,18509.34,18509.34,0,
7/17/2024,17996.92,-512.42,-2.77,0.00,17996.92,17996.92,17996.92,0,
7/18/2024,17871.22,-125.70,-0.70,0.00,17871.22,17871.22,17871.22,0,
7/19/2024,17726.94,-144.28,-0.81,0.00,17726.94,17726.94,17726.94,0,
7/22/2024,18007.57,280.63,1.58,0.00,18007.57,18007.57,18007.57,0,
7/23/2024,17997.35,-10.22,-0.06,0.00,17997.35,17997.35,17997.35,0,
7/24/2024,17342.41,-654.94,-3.64,0.00,17342.41,17342.41,17342.41,0,
7/25/2024,17181.72,-160.69,-0.93,0.00,17181.72,17181.72,17181.72,0,
7/26/2024,17357.88,176.16,1.03,0.00,17357.88,17357.88,17357.88,0,
7/29/2024,17370.20,12.32,0.07,0.00,17370.20,17370.20,17370.20,0,
7/30/2024,17147.42,-222.78,-1.28,0.00,17147.42,17147.42,17147.42,0,
7/31/2024,17599.40,451.98,2.64,0.00,17599.40,17599.40,17599.40,0,
8/1/2024,17194.15,-405.25,-2.30,0.00,17194.15,17194.15,17194.15,0,
8/2/2024,16776.16,-417.99,-2.43,0.00,16776.16,16776.16,16776.16,0,
8/5/2024,16200.08,-576.08,-3.43,0.00,16200.08,16200.08,16200.08,0,
8/6/2024,16366.85,166.77,1.03,0.00,16366.85,16366.85,16366.85,0,
8/7/2024,16195.81,-171.04,-1.05,0.00,16195.81,16195.81,16195.81,0,
8/8/2024,16660.02,464.21,2.87,0.00,16660.02,16660.02,16660.02,0,
8/9/2024,16745.30,85.28,0.51,0.00,16745.30,16745.30,16745.30,0,
8/12/2024,16780.61,35.31,0.21,0.00,16780.61,16780.61,16780.61,0,
8/13/2024,17187.61,407.00,2.43,0.00,17187.61,17187.61,17187.61,0,
8/14/2024,17192.60,4.99,0.03,0.00,17192.60,17192.60,17192.60,0,
8/15/2024,17594.50,401.90,2.34,0.00,17594.50,17594.50,17594.50,0,
8/16/2024,17631.72,37.22,0.21,0.00,17631.72,17631.72,17631.72,0,
8/19/2024,17876.77,245.05,1.39,0.00,17876.77,17876.77,17876.77,0,
8/20/2024,17816.94,-59.83,-0.33,0.00,17816.94,17816.94,17816.94,0,
8/21/2024,17918.99,102.05,0.57,0.00,17918.99,17918.99,17918.99,0,
8/22/2024,17619.35,-299.64,-1.67,0.00,17619.35,17619.35,17619.35,0,
8/23/2024,17877.79,258.44,1.47,0.00,17877.79,17877.79,17877.79,0,
8/26/2024,17725.77,-152.02,-0.85,0.00,17725.77,17725.77,17725.77,0,
8/27/2024,17754.82,29.05,0.16,0.00,17754.82,17754.82,17754.82,0,
8/28/2024,17556.03,-198.79,-1.12,0.00,17556.03,17556.03,17556.03,0,
8/29/2024,17516.43,-39.60,-0.23,0.00,17516.43,17516.43,17516.43,0,
8/30/2024,17713.62,197.19,1.13,0.00,17713.62,17713.62,17713.62,0,
9/3/2024,17136.30,-577.32,-3.26,0.00,17136.30,17136.30,17136.30,0,
9/4/2024,17084.30,-52.00,-0.30,0.00,17084.30,17084.30,17084.30,0,
9/5/2024,17127.66,43.36,0.25,0.00,17127.66,17127.66,17127.66,0,
9/6/2024,16690.83,-436.83,-2.55,0.00,16690.83,16690.83,16690.83,0,
9/9/2024,16884.60,193.77,1.16,0.00,16884.60,16884.60,16884.60,0,
9/10/2024,17025.88,141.28,0.84,0.00,17025.88,17025.88,17025.88,0,
9/11/2024,17395.53,369.65,2.17,0.00,17395.53,17395.53,17395.53,0,
9/12/2024,17569.68,174.15,1.00,0.00,17569.68,17569.68,17569.68,0,
9/13/2024,17683.98,114.30,0.65,0.00,17683.98,17683.98,17683.98,0,
9/16/2024,17592.13,-91.85,-0.52,0.00,17592.13,17592.13,17592.13,0,
9/17/2024,17628.06,35.93,0.20,0.00,17628.06,17628.06,17628.06,0,
9/18/2024,17573.30,-54.76,-0.31,0.00,17573.30,17573.30,17573.30,0,
9/19/2024,18013.98,440.68,2.51,0.00,18013.98,18013.98,18013.98,0,
9/20/2024,17948.32,-65.66,-0.36,0.00,17948.32,17948.32,17948.32,0,
9/23/2024,17974.27,25.95,0.14,0.00,17974.27,17974.27,17974.27,0,
9/24/2024,18074.52,100.25,0.56,0.00,18074.52,18074.52,18074.52,0,
9/25/2024,18082.21,7.69,0.04,0.00,18082.21,18082.21,18082.21,0,
9/26/2024,18190.29,108.08,0.60,0.00,18190.29,18190.29,18190.29,0,
9/27/2024,18119.59,-70.70,-0.39,0.00,18119.59,18119.59,18119.59,0,
9/30/2024,18189.17,69.58,0.38,0.00,18189.17,18189.17,18189.17,0,
10/1/2024,17910.36,-278.81,-1.53,0.00,17910.36,17910.36,17910.36,0,
10/2/2024,17925.12,14.76,0.08,0.00,17925.12,17925.12,17925.12,0,
10/3/2024,17918.48,-6.64,-0.04,0.00,17918.48,17918.48,17918.48,0,
10/4/2024,18137.85,219.37,1.22,0.00,18137.85,18137.85,18137.85,0,
10/7/2024,17923.90,-213.95,-1.18,0.00,17923.90,17923.90,17923.90,0,
10/8/2024,18182.92,259.02,1.45,0.00,18182.92,18182.92,18182.92,0,
10/9/2024,18291.62,108.70,0.60,0.00,18291.62,18291.62,18291.62,0,
10/10/2024,18282.05,-9.57,-0.05,0.00,18282.05,18282.05,18282.05,0,
10/11/2024,18342.94,60.89,0.33,0.00,18342.94,18342.94,18342.94,0,
10/14/2024,18502.69,159.75,0.87,0.00,18502.69,18502.69,18502.69,0,
10/15/2024,18315.59,-187.10,-1.01,0.00,18315.59,18315.59,18315.59,0,
10/16/2024,18367.08,51.49,0.28,0.00,18367.08,18367.08,18367.08,0,
10/17/2024,18373.61,6.53,0.04,0.00,18373.61,18373.61,18373.61,0,
10/18/2024,18489.55,115.94,0.63,0.00,18489.55,18489.55,18489.55,0,
10/21/2024,18540.01,50.46,0.27,0.00,18540.01,18540.01,18540.01,0,
10/22/2024,18579.77,39.76,0.21,0.00,18579.77,18579.77,18579.77,0,
10/23/2024,18276.65,-303.12,-1.63,0.00,18276.65,18276.65,18276.65,0,
10/24/2024,18415.49,138.84,0.76,0.00,18415.49,18415.49,18415.49,0,
10/25/2024,18518.61,103.12,0.56,0.00,18518.61,18518.61,18518.61,0,
10/28/2024,18567.19,48.58,0.26,0.00,18567.19,18567.19,18567.19,0,
10/29/2024,18712.75,145.56,0.78,0.00,18712.75,18712.75,18712.75,0,
10/30/2024,18607.93,-104.82,-0.56,0.00,18607.93,18607.93,18607.93,0,
10/31/2024,18095.15,-512.78,-2.76,0.00,18095.15,18095.15,18095.15,0,
11/1/2024,18239.92,144.77,0.80,0.00,18239.92,18239.92,18239.92,0,
11/4/2024,18179.98,-59.94,-0.33,0.00,18179.98,18179.98,18179.98,0,
11/5/2024,18439.17,259.19,1.43,0.00,18439.17,18439.17,18439.17,0,
11/6/2024,18983.47,544.30,2.95,0.00,18983.47,18983.47,18983.47,0,
11/7/2024,19269.46,285.99,1.51,0.00,19269.46,19269.46,19269.46,0,
11/8/2024,19286.78,17.32,0.09,0.00,19286.78,19286.78,19286.78,0,
11/11/2024,19298.76,11.98,0.06,0.00,19298.76,19298.76,19298.76,0,
11/12/2024,19281.40,-17.36,-0.09,0.00,19281.40,19281.40,19281.40,0,
11/13/2024,19230.72,-50.68,-0.26,0.00,19230.72,19230.72,19230.72,0,
11/14/2024,19107.65,-123.07,-0.64,0.00,19107.65,19107.65,19107.65,0,
11/15/2024,18680.12,-427.53,-2.24,0.00,18680.12,18680.12,18680.12,0,
11/18/2024,18791.81,111.69,0.60,0.00,18791.81,18791.81,18791.81,0,
11/19/2024,18987.47,195.66,1.04,0.00,18987.47,18987.47,18987.47,0,
11/20/2024,18966.14,-21.33,-0.11,0.00,18966.14,18966.14,18966.14,0,
11/21/2024,18972.42,6.28,0.03,0.00,18972.42,18972.42,18972.42,0,
11/22/2024,19003.65,31.23,0.16,0.00,19003.65,19003.65,19003.65,0,
11/25/2024,19054.84,51.19,0.27,0.00,19054.84,19054.84,19054.84,0,
11/26/2024,19174.30,119.46,0.63,0.00,19174.30,19174.30,19174.30,0,
11/27/2024,19060.48,-113.82,-0.59,0.00,19060.48,19060.48,19060.48,0,
11/29/2024,19218.17,157.69,0.83,0.00,19218.17,19218.17,19218.17,0,
12/2/2024,19403.95,185.78,0.97,0.00,19403.95,19403.95,19403.95,0,
12/3/2024,19480.91,76.96,0.40,0.00,19480.91,19480.91,19480.91,0,
12/4/2024,19735.12,254.21,1.30,0.00,19735.12,19735.12,19735.12,0,
12/5/2024,19700.26,-34.86,-0.18,0.00,19700.26,19700.26,19700.26,0,
12/6/2024,19859.77,159.51,0.81,0.00,19859.77,19859.77,19859.77,0,
12/9/2024,19736.69,-123.08,-0.62,0.00,19736.69,19736.69,19736.69,0,
12/10/2024,19687.24,-49.45,-0.25,0.00,19687.24,19687.24,19687.24,0,
12/11/2024,20034.89,347.65,1.77,0.00,20034.89,20034.89,20034.89,0,
12/12/2024,19902.84,-132.05,-0.66,0.00,19902.84,19902.84,19902.84,0,
12/13/2024,19926.72,23.88,0.12,0.00,19926.72,19926.72,19926.72,0,
12/16/2024,20173.89,247.17,1.24,0.00,20173.89,20173.89,20173.89,0,
12/17/2024,20109.06,-64.83,-0.32,0.00,20109.06,20109.06,20109.06,0,
12/18/2024,19392.69,-716.37,-3.56,0.00,19392.69,19392.69,19392.69,0,
12/19/2024,19372.77,-19.92,-0.10,0.00,19372.77,19372.77,19372.77,0,
12/20/2024,19572.60,199.83,1.03,0.00,19572.60,19572.60,19572.60,0,
12/23/2024,19764.88,192.28,0.98,0.00,19764.88,19764.88,19764.88,0,
12/24/2024,20031.13,266.25,1.35,0.00,20031.13,20031.13,20031.13,0,
12/26/2024,20020.36,-10.77,-0.05,0.00,20020.36,20020.36,20020.36,0,
12/27/2024,19722.03,-298.33,-1.49,0.00,19722.03,19722.03,19722.03,0,
12/30/2024,19486.79,-235.24,-1.19,0.00,19486.79,19486.79,19486.79,0,
12/31/2024,19310.79,-176.00,-0.90,0.00,19310.79,19310.79,19310.79,0,
1/2/2025,19280.79,-30.00,-0.16,0.00,19280.79,19280.79,19280.79,0,
1/3/2025,19621.68,340.89,1.77,0.00,19621.68,19621.68,19621.68,0,
1/6/2025,19864.98,243.30,1.24,0.00,19864.98,19864.98,19864.98,0,
1/7/2025,19489.68,-375.30,-1.89,0.00,19489.68,19489.68,19489.68,0,
1/8/2025,19478.88,-10.80,-0.06,0.00,19478.88,19478.88,19478.88,0,
1/10/2025,19161.63,-317.25,-1.63,0.00,19161.63,19161.63,19161.63,0,
1/13/2025,19088.10,-73.53,-0.38,0.00,19088.10,19088.10,19088.10,0,
1/14/2025,19044.39,-43.71,-0.23,0.00,19044.39,19044.39,19044.39,0,
1/15/2025,19511.23,466.84,2.45,0.00,19511.23,19511.23,19511.23,0,
1/16/2025,19338.29,-172.94,-0.89,0.00,19338.29,19338.29,19338.29,0,
1/17/2025,19630.20,291.91,1.51,0.00,19630.20,19630.20,19630.20,0,
1/21/2025,19756.78,126.58,0.64,0.00,19756.78,19756.78,19756.78,0,
1/22/2025,20009.34,252.56,1.28,0.00,20009.34,20009.34,20009.34,0,
1/23/2025,20053.68,44.34,0.22,0.00,20053.68,20053.68,20053.68,0,
1/24/2025,19954.30,-99.38,-0.50,0.00,19954.30,19954.30,19954.30,0,
1/27/2025,19341.83,-612.47,-3.07,0.00,19341.83,19341.83,19341.83,0,
1/28/2025,19733.59,391.76,2.03,0.00,19733.59,19733.59,19733.59,0,
1/29/2025,19632.32,-101.27,-0.51,0.00,19632.32,19632.32,19632.32,0,
1/30/2025,19681.75,49.43,0.25,0.00,19681.75,19681.75,19681.75,0,
1/31/2025,19627.44,-54.31,-0.28,0.00,19627.44,19627.44,19627.44,0,
2/3/2025,19391.96,-235.48,-1.20,0.00,19391.96,19391.96,19391.96,0,
2/4/2025,19654.02,262.06,1.35,0.00,19654.02,19654.02,19654.02,0,
2/5/2025,19692.33,38.31,0.19,0.00,19692.33,19692.33,19692.33,0,
2/6/2025,19791.99,99.66,0.51,0.00,19791.99,19791.99,19791.99,0,
2/7/2025,19523.40,-268.59,-1.36,0.00,19523.40,19523.40,19523.40,0,
2/10/2025,19714.27,190.87,0.98,0.00,19714.27,19714.27,19714.27,0,
2/11/2025,19643.86,-70.41,-0.36,0.00,19643.86,19643.86,19643.86,0,
2/12/2025,19649.95,6.09,0.03,0.00,19649.95,19649.95,19649.95,0,
2/13/2025,19945.64,295.69,1.50,0.00,19945.64,19945.64,19945.64,0,
2/14/2025,20026.77,81.13,0.41,0.00,20026.77,20026.77,20026.77,0,
2/18/2025,20041.26,14.49,0.07,0.00,20041.26,20041.26,20041.26,0,
2/19/2025,20056.25,14.99,0.07,0.00,20056.25,20056.25,20056.25,0,
2/20/2025,19962.36,-93.89,-0.47,0.00,19962.36,19962.36,19962.36,0,
2/21/2025,19524.01,-438.35,-2.20,0.00,19524.01,19524.01,19524.01,0,
2/24/2025,19286.93,-237.08,-1.21,0.00,19286.93,19286.93,19286.93,0,
2/25/2025,19026.39,-260.54,-1.35,0.00,19026.39,19026.39,19026.39,0,
2/26/2025,19075.26,48.87,0.26,0.00,19075.26,19075.26,19075.26,0,
2/27/2025,18544.42,-530.84,-2.78,0.00,18544.42,18544.42,18544.42,0,
2/28/2025,18847.28,302.86,1.63,0.00,18847.28,18847.28,18847.28,0,
3/3/2025,18350.19,-497.09,-2.64,0.00,18350.19,18350.19,18350.19,0,
3/4/2025,18285.16,-65.03,-0.35,0.00,18285.16,18285.16,18285.16,0,
3/5/2025,18552.73,267.57,1.46,0.00,18552.73,18552.73,18552.73,0,
3/6/2025,18069.26,-483.47,-2.61,0.00,18069.26,18069.26,18069.26,0,
3/7/2025,18196.22,126.96,0.70,0.00,18196.22,18196.22,18196.22,0,
3/10/2025,17468.32,-727.90,-4.00,0.00,17468.32,17468.32,17468.32,0,
3/11/2025,17436.10,-32.22,-0.18,0.00,17436.10,17436.10,17436.10,0,
3/12/2025,17648.45,212.35,1.22,0.00,17648.45,17648.45,17648.45,0,
3/13/2025,17303.01,-345.44,-1.96,0.00,17303.01,17303.01,17303.01,0,
3/14/2025,17754.09,451.08,2.61,0.00,17754.09,17754.09,17754.09,0,
3/17/2025,17808.66,54.57,0.31,0.00,17808.66,17808.66,17808.66,0,
3/18/2025,17504.12,-304.54,-1.71,0.00,17504.12,17504.12,17504.12,0,
3/19/2025,17750.79,246.67,1.41,0.00,17750.79,17750.79,17750.79,0,
3/20/2025,17691.63,-59.16,-0.33,0.00,17691.63,17691.63,17691.63,0,
3/21/2025,17784.05,92.42,0.52,0.00,17784.05,17784.05,17784.05,0,
3/24/2025,18188.59,404.54,2.27,0.00,18188.59,18188.59,18188.59,0,
3/25/2025,18271.86,83.27,0.46,0.00,18271.86,18271.86,18271.86,0,
3/26/2025,17899.02,-372.84,-2.04,0.00,17899.02,17899.02,17899.02,0,
3/27/2025,17804.03,-94.99,-0.53,0.00,17804.03,17804.03,17804.03,0,
3/28/2025,17322.99,-481.04,-2.70,0.00,17322.99,17322.99,17322.99,0,
3/31/2025,17299.29,-23.70,-0.14,0.00,17299.29,17299.29,17299.29,0,
4/1/2025,17449.89,150.60,0.87,0.00,17449.89,17449.89,17449.89,0,
4/2/2025,17601.05,151.16,0.87,0.00,17601.05,17601.05,17601.05,0,
4/3/2025,16550.61,-1050.44,-5.97,0.00,16550.61,16550.61,16550.61,0,
4/4/2025,15587.79,-962.82,-5.82,0.00,15587.79,15587.79,15587.79,0,
4/7/2025,15603.26,15.47,0.10,0.00,15603.26,15603.26,15603.26,0,
4/8/2025,15267.91,-335.35,-2.15,0.00,15267.91,15267.91,15267.91,0,
4/9/2025,17124.97,1857.06,12.16,0.00,17124.97,17124.97,17124.97,0,
4/10/2025,16387.31,-737.66,-4.31,0.00,16387.31,16387.31,16387.31,0,
4/11/2025,16724.46,337.15,2.06,0.00,16724.46,16724.46,16724.46,0,
4/14/2025,16831.48,107.02,0.64,0.00,16831.48,16831.48,16831.48,0,
4/15/2025,16823.17,-8.31,-0.05,0.00,16823.17,16823.17,16823.17,0,
4/16/2025,16307.16,-516.01,-3.07,0.00,16307.16,16307.16,16307.16,0,
4/17/2025,16286.45,-20.71,-0.13,0.00,16286.45,16286.45,16286.45,0,
4/21/2025,15870.90,-415.55,-2.55,0.00,15870.90,15870.90,15870.90,0,
4/22/2025,16300.42,429.52,2.71,0.00,16300.42,16300.42,16300.42,0,
4/23/2025,16708.05,407.63,2.50,0.00,16708.05,16708.05,16708.05,0,
4/24/2025,17166.04,457.99,2.74,0.00,17166.04,17166.04,17166.04,0,
4/25/2025,17382.94,216.90,1.26,0.00,17382.94,17382.94,17382.94,0,
4/28/2025,17366.13,-16.81,-0.10,0.00,17366.13,17366.13,17366.13,0,
4/29/2025,17461.32,95.19,0.55,0.00,17461.32,17461.32,17461.32,0,
4/30/2025,17446.34,-14.98,-0.09,0.00,17446.34,17446.34,17446.34,0,
5/1/2025,17710.74,264.40,1.52,0.00,17710.74,17710.74,17710.74,0,
5/2/2025,17977.73,266.99,1.51,0.00,17977.73,17977.73,17977.73,0,
5/5/2025,17844.24,-133.49,-0.74,0.00,17844.24,17844.24,17844.24,0,
5/6/2025,17689.66,-154.58,-0.87,0.00,17689.66,17689.66,17689.66,0,
5/7/2025,17738.16,48.50,0.27,0.00,17738.16,17738.16,17738.16,0,
5/8/2025,17928.14,189.98,1.07,0.00,17928.14,17928.14,17928.14,0,
5/9/2025,17928.92,0.78,0.00,0.00,17928.92,17928.92,17928.92,0,
5/12/2025,18708.34,779.42,4.35,0.00,18708.34,18708.34,18708.34,0,
5/13/2025,19010.09,301.75,1.61,0.00,19010.09,19010.09,19010.09,0,
5/14/2025,19146.81,136.72,0.72,0.00,19146.81,19146.81,19146.81,0,
5/15/2025,19112.32,-34.49,-0.18,0.00,19112.32,19112.32,19112.32,0,
5/16/2025,19211.10,98.78,0.52,0.00,19211.10,19211.10,19211.10,0,
5/19/2025,19215.46,4.36,0.02,0.00,19215.46,19215.46,19215.46,0,
5/20/2025,19142.71,-72.75,-0.38,0.00,19142.71,19142.71,19142.71,0,
5/21/2025,18872.64,-270.07,-1.41,0.00,18872.64,18872.64,18872.64,0,
5/22/2025,18925.74,53.10,0.28,0.00,18925.74,18925.74,18925.74,0,
5/23/2025,18737.21,-188.53,-1.00,0.00,18737.21,18737.21,18737.21,0,
5/27/2025,19199.16,461.95,2.47,0.00,19199.16,19199.16,19199.16,0,
5/28/2025,19100.94,-98.22,-0.51,0.00,19100.94,19100.94,19100.94,0,
5/29/2025,19175.87,74.93,0.39,0.00,19175.87,19175.87,19175.87,0,
5/30/2025,19113.77,-62.10,-0.32,0.00,19113.77,19113.77,19113.77,0,
6/2/2025,19242.61,128.84,0.67,0.00,19242.61,19242.61,19242.61,0,
6/3/2025,19398.96,156.35,0.81,0.00,19398.96,19398.96,19398.96,0,
6/4/2025,19460.49,61.53,0.32,0.00,19460.49,19460.49,19460.49,0,
6/5/2025,19298.45,-162.04,-0.83,0.00,19298.45,19298.45,19298.45,0,
6/6/2025,19529.95,231.50,1.20,0.00,19529.95,19529.95,19529.95,0,
6/9/2025,19591.24,61.29,0.31,0.00,19591.24,19591.24,19591.24,0,
6/10/2025,19714.99,123.75,0.63,0.00,19714.99,19714.99,19714.99,0,
6/11/2025,19615.88,-99.11,-0.50,0.00,19615.88,19615.88,19615.88,0,
6/12/2025,19662.49,46.61,0.24,0.00,19662.49,19662.49,19662.49,0,
6/13/2025,19406.83,-255.66,-1.30,0.00,19406.83,19406.83,19406.83,0,
6/16/2025,19701.21,294.38,1.52,0.00,19701.21,19701.21,19701.21,0,
6/17/2025,19521.09,-180.12,-0.91,0.00,19521.09,19521.09,19521.09,0,
6/18/2025,19546.27,25.18,0.13,0.00,19546.27,19546.27,19546.27,0,
6/20/2025,19447.41,-98.86,-0.51,0.00,19447.41,19447.41,19447.41,0,
6/23/2025,19630.97,183.56,0.94,0.00,19630.97,19630.97,19630.97,0,
6/24/2025,19912.53,281.56,1.43,0.00,19912.53,19912.53,19912.53,0,
6/25/2025,19973.55,61.02,0.31,0.00,19973.55,19973.55,19973.55,0,
6/26/2025,20167.91,194.36,0.97,0.00,20167.91,20167.91,20167.91,0,
6/27/2025,20273.46,105.55,0.52,0.00,20273.46,20273.46,20273.46,0,
6/30/2025,20369.73,96.27,0.47,0.00,20369.73,20369.73,20369.73,0,
7/1/2025,20202.89,-166.84,-0.82,0.00,20202.89,20202.89,20202.89,0,
7/2/2025,20393.13,190.24,0.94,0.00,20393.13,20393.13,20393.13,0,
7/3/2025,20601.10,207.97,1.02,0.00,20601.10,20601.10,20601.10,0,
7/7/2025,20412.52,-188.58,-0.92,0.00,20412.52,20412.52,20412.52,0,
7/8/2025,20418.46,5.94,0.03,0.00,20418.46,20418.46,20418.46,0,
7/9/2025,20611.34,192.88,0.94,0.00,20611.34,20611.34,20611.34,0,
7/10/2025,20630.66,19.32,0.09,0.00,20630.66,20630.66,20630.66,0,
7/11/2025,20585.53,-45.13,-0.22,0.00,20585.53,20585.53,20585.53,0,
7/14/2025,20640.33,54.80,0.27,0.00,20640.33,20640.33,20640.33,0,
7/15/2025,20677.80,37.47,0.18,0.00,20677.80,20677.80,20677.80,0,
7/16/2025,20730.49,52.69,0.25,0.00,20730.49,20730.49,20730.49,0,
7/17/2025,20885.65,155.16,0.75,0.00,20885.65,20885.65,20885.65,0,
7/18/2025,20895.65,10.00,0.05,0.00,20895.65,20895.65,20895.65,0,
7/21/2025,20974.18,78.53,0.38,0.00,20974.18,20974.18,20974.18,0,
7/22/2025,20892.69,-81.49,-0.39,0.00,20892.69,20892.69,20892.69,0,
7/23/2025,21020.02,127.33,0.61,0.00,21020.02,21020.02,21020.02,0,
7/24/2025,21057.96,37.94,0.18,0.00,21057.96,21057.96,21057.96,0,
7/25/2025,21108.32,50.36,0.24,0.00,21108.32,21108.32,21108.32,0,
7/28/2025,21178.58,70.26,0.33,0.00,21178.58,21178.58,21178.58,0,
7/29/2025,21098.29,-80.29,-0.38,0.00,21098.29,21098.29,21098.29,0,
7/30/2025,21129.67,31.38,0.15,0.00,21129.67,21129.67,21129.67,0,
7/31/2025,21122.45,-7.22,-0.03,0.00,21122.45,21122.45,21122.45,0,
8/1/2025,20650.13,-472.32,-2.24,0.00,20650.13,20650.13,20650.13,0,
8/4/2025,21053.58,403.45,1.95,0.00,21053.58,21053.58,21053.58,0,
8/5/2025,20916.55,-137.03,-0.65,0.00,20916.55,20916.55,20916.55,0,
8/6/2025,21169.42,252.87,1.21,0.00,21169.42,21169.42,21169.42,0,
8/7/2025,21242.70,73.28,0.35,0.00,21242.70,21242.70,21242.70,0,
8/8/2025,21450.02,207.32,0.98,0.00,21450.02,21450.02,21450.02,0,
8/11/2025,21385.40,-64.62,-0.30,0.00,21385.40,21385.40,21385.40,0,
8/12/2025,21681.90,296.50,1.39,0.00,21681.90,21681.90,21681.90,0,
8/13/2025,21713.14,31.24,0.14,0.00,21713.14,21713.14,21713.14,0,
8/14/2025,21710.67,-2.47,-0.01,0.00,21710.67,21710.67,21710.67,0,
8/15/2025,21622.98,-87.69,-0.40,0.00,21622.98,21622.98,21622.98,0,
8/18/2025,21629.77,6.79,0.03,0.00,21629.77,21629.77,21629.77,0,
8/19/2025,21314.95,-314.82,-1.46,0.00,21314.95,21314.95,21314.95,0,
8/20/2025,21172.86,-142.09,-0.67,0.00,21172.86,21172.86,21172.86,0,
8/21/2025,21100.31,-72.55,-0.34,0.00,21100.31,21100.31,21100.31,0,
8/22/2025,21496.54,396.23,1.88,0.00,21496.54,21496.54,21496.54,0,
8/25/2025,21449.29,-47.25,-0.22,0.00,21449.29,21449.29,21449.29,0,
8/26/2025,21544.27,94.98,0.44,0.00,21544.27,21544.27,21544.27,0,
8/27/2025,21590.14,45.87,0.21,0.00,21590.14,21590.14,21590.14,0,
8/28/2025,21705.16,115.02,0.53,0.00,21705.16,21705.16,21705.16,0,
8/29/2025,21455.55,-249.61,-1.15,0.00,21455.55,21455.55,21455.55,0,
9/2/2025,21279.63,-175.92,-0.82,0.00,21279.63,21279.63,21279.63,0,
9/3/2025,21497.73,218.10,1.02,0.00,21497.73,21497.73,21497.73,0,
9/4/2025,21707.69,209.96,0.98,0.00,21707.69,21707.69,21707.69,0,
9/5/2025,21700.39,-7.30,-0.03,0.00,21700.39,21700.39,21700.39,0,
9/8/2025,21798.70,98.31,0.45,0.00,21798.70,21798.70,21798.70,0,
9/9/2025,21879.49,80.79,0.37,0.00,21879.49,21879.49,21879.49,0,
9/10/2025,21886.06,6.57,0.03,0.00,21886.06,21886.06,21886.06,0,
9/11/2025,22043.07,157.01,0.72,0.00,22043.07,22043.07,22043.07,0,
9/12/2025,22141.10,98.03,0.44,0.00,22141.10,22141.10,22141.10,0,
9/15/2025,22348.75,207.65,0.94,0.00,22348.75,22348.75,22348.75,0,
9/16/2025,22333.96,-14.79,-0.07,0.00,22333.96,22333.96,22333.96,0,
9/17/2025,22261.33,-72.63,-0.33,0.00,22261.33,22261.33,22261.33,0,
9/18/2025,22470.72,209.39,0.94,0.00,22470.72,22470.72,22470.72,0,
9/19/2025,22631.48,160.76,0.72,0.00,22631.48,22631.48,22631.48,0,
9/22/2025,22788.98,157.50,0.70,0.00,22788.98,22788.98,22788.98,0,
9/23/2025,22573.47,-215.51,-0.95,0.00,22573.47,22573.47,22573.47,0,
9/24/2025,22497.86,-75.61,-0.33,0.00,22497.86,22497.86,22497.86,0,
9/25/2025,22384.70,-113.16,-0.50,0.00,22384.70,22384.70,22384.70,0,
9/26/2025,22484.07,99.37,0.44,0.00,22484.07,22484.07,22484.07,0,
9/29/2025,22591.15,107.08,0.48,0.00,22591.15,22591.15,22591.15,0,
9/30/2025,22660.01,68.86,0.30,0.00,22660.01,22660.01,22660.01,0,
10/1/2025,22755.16,95.15,0.42,0.00,22755.16,22755.16,22755.16,0,
10/2/2025,22844.05,88.89,0.39,0.00,22844.05,22844.05,22844.05,0,
10/3/2025,22780.51,-63.54,-0.28,0.00,22780.51,22780.51,22780.51,0,
10/6/2025,22941.67,161.16,0.71,0.00,22941.67,22941.67,22941.67,0,
10/7/2025,22788.36,-153.31,-0.67,0.00,22788.36,22788.36,22788.36,0,
10/8/2025,23043.38,255.02,1.12,0.00,23043.38,23043.38,23043.38,0,
10/9/2025,23024.63,-18.75,-0.08,0.00,23024.63,23024.63,23024.63,0,
10/10/2025,22204.43,-820.20,-3.56,0.00,22204.43,22204.43,22204.43,0,
10/13/2025,22694.61,490.18,2.21,0.00,22694.61,22694.61,22694.61,0,
10/14/2025,22521.70,-172.91,-0.76,0.00,22521.70,22521.70,22521.70,0,
10/15/2025,22670.08,148.38,0.66,0.00,22670.08,22670.08,22670.08,0,
10/16/2025,22562.54,-107.54,-0.47,0.00,22562.54,22562.54,22562.54,0,
10/17/2025,22679.97,117.43,0.52,0.00,22679.97,22679.97,22679.97,0,
10/20/2025,22990.54,310.57,1.37,0.00,22990.54,22990.54,22990.54,0,
10/21/2025,22953.67,-36.87,-0.16,0.00,22953.67,22953.67,22953.67,0,
10/22/2025,22740.40,-213.27,-0.93,0.00,22740.40,22740.40,22740.40,0,
10/23/2025,22941.80,201.40,0.89,0.00,22941.80,22941.80,22941.80,0,
10/24/2025,23204.87,263.07,1.15,0.00,23204.87,23204.87,23204.87,0,
10/27/2025,23637.46,432.59,1.86,0.00,23637.46,23637.46,23637.46,0,
10/28/2025,23827.49,190.03,0.80,0.00,23827.49,23827.49,23827.49,0,
10/29/2025,23958.47,130.98,0.55,0.00,23958.47,23958.47,23958.47,0,
10/30/2025,23581.14,-377.33,-1.57,0.00,23581.14,23581.14,23581.14,0,
10/31/2025,23724.96,143.82,0.61,0.00,23724.96,23724.96,23724.96,0,
11/3/2025,23834.72,109.76,0.46,0.00,23834.72,23834.72,23834.72,0,
11/4/2025,23348.64,-486.08,-2.04,0.00,23348.64,23348.64,23348.64,0,
11/5/2025,23499.80,151.16,0.65,0.00,23499.80,23499.80,23499.80,0,
11/6/2025,23053.99,-445.81,-1.90,0.00,23053.99,23053.99,23053.99,0,
11/7/2025,23004.54,-49.45,-0.21,0.00,23004.54,23004.54,23004.54,0,
11/10/2025,23527.17,522.63,2.27,0.00,23527.17,23527.17,23527.17,0,
11/11/2025,23468.30,-58.87,-0.25,0.00,23468.30,23468.30,23468.30,0,
11/12/2025,23406.46,-61.84,-0.26,0.00,23406.46,23406.46,23406.46,0,
11/13/2025,22870.36,-536.10,-2.29,0.00,22870.36,22870.36,22870.36,0,
11/14/2025,22900.59,30.23,0.13,0.00,22900.59,22900.59,22900.59,0,
11/17/2025,22708.07,-192.52,-0.84,0.00,22708.07,22708.07,22708.07,0,
11/18/2025,22432.85,-275.22,-1.21,0.00,22432.85,22432.85,22432.85,0,
11/19/2025,22564.23,131.38,0.59,0.00,22564.23,22564.23,22564.23,0,
11/20/2025,22078.05,-486.18,-2.15,0.00,22078.05,22078.05,22078.05,0,
11/21/2025,22273.08,195.03,0.88,0.00,22273.08,22273.08,22273.08,0,
11/24/2025,22872.01,598.93,2.69,0.00,22872.01,22872.01,22872.01,0,
11/25/2025,23025.59,153.58,0.67,0.00,23025.59,23025.59,23025.59,0,
11/26/2025,23214.69,189.10,0.82,0.00,23214.69,23214.69,23214.69,0,
11/28/2025,23365.69,151.00,0.65,0.00,23365.69,23365.69,23365.69,0,
12/1/2025,23275.92,-89.77,-0.38,0.00,23275.92,23275.92,23275.92,0,
12/2/2025,23413.67,137.75,0.59,0.00,23413.67,23413.67,23413.67,0,
12/3/2025,23454.09,40.42,0.17,0.00,23454.09,23454.09,23454.09,0,
12/4/2025,23505.14,51.05,0.22,0.00,23505.14,23505.14,23505.14,0,
12/5/2025,23578.13,72.99,0.31,0.00,23578.13,23578.13,23578.13,0,
12/8/2025,23545.90,-32.23,-0.14,0.00,23545.90,23545.90,23545.90,0,
12/9/2025,23576.49,30.59,0.13,0.00,23576.49,23576.49,23576.49,0,
12/10/2025,23654.15,77.66,0.33,0.00,23654.15,23654.15,23654.15,0,
12/11/2025,23593.86,-60.29,-0.25,0.00,23593.86,23593.86,23593.86,0,
12/12/2025,23195.17,-398.69,-1.69,0.00,23195.17,23195.17,23195.17,0,
12/15/2025,23057.41,-137.76,-0.59,0.00,23057.41,23057.41,23057.41,0,
12/16/2025,23111.46,54.05,0.23,0.00,23111.46,23111.46,23111.46,0,
12/17/2025,22693.32,-418.14,-1.81,0.00,22693.32,22693.32,22693.32,0,
12/18/2025,23006.36,313.04,1.38,0.00,23006.36,23006.36,23006.36,0,
12/19/2025,23307.62,301.26,1.31,0.00,23307.62,23307.62,23307.62,0,
12/22/2025,23428.83,121.21,0.52,0.00,23428.83,23428.83,23428.83,0,
12/23/2025,23561.84,133.01,0.57,0.00,23561.84,23561.84,23561.84,0,
12/24/2025,23613.31,51.47,0.22,0.00,23613.31,23613.31,23613.31,0,
12/26/2025,23593.10,-20.21,-0.09,0.00,23593.10,23593.10,23593.10,0,
12/29/2025,23474.35,-118.75,-0.50,0.00,23474.35,23474.35,23474.35,0,
12/30/2025,23419.08,-55.27,-0.24,0.00,23419.08,23419.08,23419.08,0,
12/31/2025,23241.99,-177.09,-0.76,0.00,23241.99,23241.99,23241.99,0,
1/2/2026,23235.63,-6.36,-0.03,0.00,23235.63,23235.63,23235.63,0,
1/5/2026,23395.82,160.19,0.69,0.00,23395.82,23395.82,23395.82,0,
1/6/2026,23547.17,151.35,0.65,0.00,23547.17,23547.17,23547.17,0,
1/7/2026,23584.28,37.11,0.16,0.00,23584.28,23584.28,23584.28,0,
1/8/2026,23480.02,-104.26,-0.44,0.00,23480.02,23480.02,23480.02,0,
1/9/2026,23671.35,191.33,0.81,0.00,23671.35,23671.35,23671.35,0,
1/12/2026,23733.90,62.55,0.26,0.00,23733.90,23733.90,23733.90,0,
1/13/2026,23709.87,-24.03,-0.10,0.00,23709.87,23709.87,23709.87,0,
1/14/2026,23471.75,-238.12,-1.00,0.00,23471.75,23471.75,23471.75,0,
1/15/2026,23530.02,58.27,0.25,0.00,23530.02,23530.02,23530.02,0,
1/16/2026,23515.39,-14.63,-0.06,0.00,23515.39,23515.39,23515.39,0,
1/20/2026,22954.32,-561.07,-2.39,0.00,22954.32,22954.32,22954.32,0,
1/21/2026,23224.82,270.50,1.18,0.00,23224.82,23224.82,23224.82,0,
1/22/2026,23436.02,211.20,0.91,0.00,23436.02,23436.02,23436.02,0,
1/23/2026,23501.24,65.22,0.28,0.00,23501.24,23501.24,23501.24,0,
1/26/2026,23601.36,100.12,0.43,0.00,23601.36,23601.36,23601.36,0,
1/27/2026,23817.10,215.74,0.91,0.00,23817.10,23817.10,23817.10,0,
1/28/2026,23857.45,40.35,0.17,0.00,23857.45,23857.45,23857.45,0,
1/29/2026,23685.12,-172.33,-0.72,0.00,23685.12,23685.12,23685.12,0,
1/30/2026,23461.82,-223.30,-0.94,0.00,23461.82,23461.82,23461.82,0,
2/2/2026,23592.11,130.29,0.56,0.00,23592.11,23592.11,23592.11,0,
2/3/2026,23255.19,-336.92,-1.43,0.00,23255.19,23255.19,23255.19,0,
2/4/2026,22904.58,-350.61,-1.51,0.00,22904.58,22904.58,22904.58,0,
2/5/2026,22540.59,-363.99,-1.59,0.00,22540.59,22540.59,22540.59,0,
2/6/2026,23031.21,490.62,2.18,0.00,23031.21,23031.21,23031.21,0,
2/9/2026,23238.67,207.46,0.90,0.00,23238.67,23238.67,23238.67,0,
2/10/2026,23102.47,-136.20,-0.59,0.00,23102.47,23102.47,23102.47,0,
2/11/2026,23066.47,-36.00,-0.16,0.00,23066.47,23066.47,23066.47,0,
2/12/2026,22597.15,-469.32,-2.03,0.00,22597.15,22597.15,22597.15,0,
2/13/2026,22546.67,-50.48,-0.22,0.00,22546.67,22546.67,22546.67,0,
2/17/2026,22578.38,31.71,0.14,0.00,22578.38,22578.38,22578.38,0,
2/18/2026,22753.63,175.25,0.78,0.00,22753.63,22753.63,22753.63,0,
2/19/2026,22682.73,-70.90,-0.31,0.00,22682.73,22682.73,22682.73,0,
2/20/2026,22886.07,203.34,0.90,0.00,22886.07,22886.07,22886.07,0,
2/23/2026,22627.27,-258.80,-1.13,0.00,22627.27,22627.27,22627.27,0,
2/24/2026,22863.68,236.41,1.04,0.00,22863.68,22863.68,22863.68,0,
2/25/2026,23152.08,288.40,1.26,0.00,23152.08,23152.08,23152.08,0,
2/26/2026,22878.38,-273.70,-1.18,0.00,22878.38,22878.38,22878.38,0,
2/27/2026,22668.21,-210.17,-0.92,0.00,22668.21,22668.21,22668.21,0,
3/2/2026,22748.86,80.65,0.36,0.00,22748.86,22748.86,22748.86,0,
3/3/2026,22516.69,-232.17,-1.02,0.00,22516.69,22516.69,22516.69,0,
3/4/2026,22807.48,290.79,1.29,0.00,22807.48,22807.48,22807.48,0,
3/5/2026,22748.99,-58.49,-0.26,0.00,22748.99,22748.99,22748.99,0,
3/6/2026,22387.68,-361.31,-1.59,0.00,22387.68,22387.68,22387.68,0,
3/9/2026,22695.95,308.27,1.38,0.00,22695.95,22695.95,22695.95,0,
3/10/2026,22697.10,1.15,0.01,0.00,22697.10,22697.10,22697.10,0,
3/11/2026,22716.13,19.03,0.08,0.00,22716.13,22716.13,22716.13,0,
3/12/2026,22311.98,-404.15,-1.78,0.00,22311.98,22311.98,22311.98,0,
3/13/2026,22105.36,-206.62,-0.93,0.00,22105.36,22105.36,22105.36,0,
3/16/2026,22374.18,268.82,1.22,0.00,22374.18,22374.18,22374.18,0,
3/17/2026,22479.53,105.35,0.47,0.00,22479.53,22479.53,22479.53,0,
3/18/2026,22152.42,-327.11,-1.46,0.00,22152.42,22152.42,22152.42,0,
3/19/2026,22090.69,-61.73,-0.28,0.00,22090.69,22090.69,22090.69,0,
3/20/2026,21647.61,-443.08,-2.01,0.00,21647.61,21647.61,21647.61,0,
3/23/2026,21946.76,299.15,1.38,0.00,21946.76,21946.76,21946.76,0,
3/24/2026,21761.89,-184.87,-0.84,0.00,21761.89,21761.89,21761.89,0,
3/25/2026,21929.82,167.93,0.77,0.00,21929.82,21929.82,21929.82,0,
3/26/2026,21408.08,-521.74,-2.38,0.00,21408.08,21408.08,21408.08,0,
3/27/2026,20948.36,-459.72,-2.15,0.00,20948.36,20948.36,20948.36,0,
3/30/2026,20794.64,-153.72,-0.73,0.00,20794.64,20794.64,20794.64,0,
3/31/2026,21590.63,795.99,3.83,0.00,21590.63,21590.63,21590.63,0,
4/1/2026,21840.95,250.32,1.16,0.00,21840.95,21840.95,21840.95,0,
4/2/2026,21879.18,38.23,0.18,0.00,21879.18,21879.18,21879.18,0,
4/6/2026,21996.34,117.16,0.54,0.00,21996.34,21996.34,21996.34,0,
4/7/2026,22017.85,21.51,0.10,0.00,22017.85,22017.85,22017.85,0,
4/8/2026,22634.99,617.14,2.80,0.00,22634.99,22634.99,22634.99,0,
4/9/2026,22822.42,187.43,0.83,0.00,22822.42,22822.42,22822.42,0,
4/10/2026,22902.89,80.47,0.35,0.00,22902.89,22902.89,22902.89,0,
4/13/2026,23183.74,280.85,1.23,0.00,23183.74,23183.74,23183.74,0,
4/14/2026,23639.08,455.34,1.96,0.00,23639.08,23639.08,23639.08,0,
4/15/2026,24016.02,376.94,1.59,0.00,24016.02,24016.02,24016.02,0,
4/16/2026,24102.70,86.68,0.36,0.00,24102.70,24102.70,24102.70,0,
4/17/2026,24468.48,365.78,1.52,0.00,24468.48,24468.48,24468.48,0,
4/20/2026,24404.39,-64.09,-0.26,0.00,24404.39,24404.39,24404.39,0,
4/21/2026,24259.96,-144.43,-0.59,0.00,24259.96,24259.96,24259.96,0,
4/22/2026,24657.57,397.61,1.64,0.00,24657.57,24657.57,24657.57,0,
4/23/2026,24438.50,-219.07,-0.89,0.00,24438.50,24438.50,24438.50,0,
4/24/2026,24836.60,398.10,1.63,0.00,24836.60,24836.60,24836.60,0,
4/27/2026,24887.10,50.50,0.20,0.00,24887.10,24887.10,24887.10,0,
4/28/2026,24663.80,-223.30,-0.90,0.00,24663.80,24663.80,24663.80,0,
4/29/2026,24673.24,9.44,0.04,0.00,24673.24,24673.24,24673.24,0,
4/30/2026,24892.31,219.07,0.89,0.00,24892.31,24892.31,24892.31,0,
5/1/2026,25114.44,222.13,0.89,0.00,25114.44,25114.44,25114.44,0,
5/4/2026,25067.80,-46.64,-0.19,0.00,25067.80,25067.80,25067.80,0,
5/5/2026,25326.13,258.33,1.03,0.00,25326.13,25326.13,25326.13,0,
5/6/2026,25838.94,512.81,2.02,0.00,25838.94,25838.94,25838.94,0,
5/7/2026,25806.20,-32.74,-0.13,0.00,25806.20,25806.20,25806.20,0,
5/8/2026,26247.08,440.88,1.71,0.00,26247.08,26247.08,26247.08,0,
5/11/2026,26274.13,27.05,0.10,0.00,26274.13,26274.13,26274.13,0,
5/12/2026,26088.20,-185.93,-0.71,0.00,26088.20,26088.20,26088.20,0,
5/13/2026,26402.34,314.14,1.20,0.00,26402.34,26402.34,26402.34,0,
5/14/2026,26635.22,232.88,0.88,0.00,26635.22,26635.22,26635.22,0,
5/15/2026,26225.14,-410.08,-1.54,0.00,26225.14,26225.14,26225.14,0,
5/18/2026,26090.73,-134.41,-0.51,0.00,26090.73,26090.73,26090.73,0,
5/19/2026,25870.71,-220.02,-0.84,0.00,25870.71,25870.71,25870.71,0,
5/20/2026,26270.36,399.65,1.54,0.00,26270.36,26270.36,26270.36,0,
5/21/2026,26293.10,22.74,0.09,0.00,26293.10,26293.10,26293.10,0,
5/22/2026,26343.97,50.87,0.19,0.00,26343.97,26343.97,26343.97,0,
5/26/2026,26656.18,312.21,1.19,0.00,26656.18,26656.18,26656.18,0,
5/27/2026,26674.73,18.55,0.07,0.00,26674.73,26674.73,26674.73,0,
5/28/2026,26917.47,242.74,0.91,0.00,26917.47,26917.47,26917.47,0,
5/29/2026,26972.62,55.15,0.20,0.00,26972.62,26972.62,26972.62,0,
6/1/2026,27086.81,114.19,0.42,0.00,27086.81,27086.81,27086.81,0,
6/2/2026,27093.90,7.09,0.03,0.00,27093.90,27093.90,27093.90,0,
6/3/2026,26853.98,-239.92,-0.89,0.00,26853.98,26853.98,26853.98,0,
6/4/2026,26830.96,-23.02,-0.09,0.00,26830.96,26830.96,26830.96,0,
6/5/2026,25709.43,-1121.53,-4.18,0.00,25709.43,25709.43,25709.43,0,
6/8/2026,25929.66,220.23,0.86,0.00,25929.66,25929.66,25929.66,0,
2026-06-08,25929.66,220.23,0.86,0.00,25929.66,25929.66,25929.66,0,
2026-06-09,26103.81,174.15,0.67,0.00,26103.81,26103.81,26103.81,0,
2026-06-10,25582.53,-96.29,-0.37,-0.29,25582.53,25582.53,25582.53,0,
2026-06-11,25809.66,640.16,2.54,2.08,25809.66,25809.66,25809.66,0,
2026-06-12,25888.84,79.18,0.31,0.12,25888.84,25888.84,25888.84,0,2026-06-12 23:47 UTC
2026-06-13,25888.84,79.18,0.31,0.09,25888.84,25888.84,25888.84,0,2026-06-13 08:28 UTC
2026-06-14,25888.84,79.14,0.31,0.05,25888.84,25888.84,25888.84,0,2026-06-14 13:38 UTC
2026-06-15,25888.84,79.14,0.31,0.10,25783.36,26010.31,25599.94,10337400000,2026-06-15 00:54 UTC
2026-06-16,26376.34,-307.60,-1.15,-1.05,26649.97,26788.62,26369.39,10453103000,2026-06-16 23:06 UTC
2026-06-17,26021.66,-354.69,-1.34,-1.12,26493.82,26511.55,25960.41,10605787000,2026-06-17 23:01 UTC
2026-06-18,26517.93,496.28,1.91,1.45,26410.62,26559.74,26188.69,17780101000,2026-06-18 23:19 UTC
2026-06-19,26517.93,496.28,1.91,1.31,26410.62,26559.74,26188.69,18286150000,2026-06-19 22:32 UTC
2026-06-22,26166.60,-351.33,-1.32,-1.01,26483.31,26561.12,26125.48,11952069000,2026-06-22 23:04 UTC
2026-06-23,25587.04,-579.56,-2.21,-1.54,25549.76,25882.57,25513.26,13852269000,2026-06-23 22:48 UTC
2026-06-24,25476.63,-110.41,-0.43,-0.22,25578.62,25840.56,25354.66,14182636000,2026-06-24 22:49 UTC
2026-06-25,25358.60,-118.03,-0.46,-0.23,25724.78,25724.78,25123.43,8758177000,2026-06-25 22:57 UTC
2026-06-26,25358.60,-118.03,-0.46,-0.56,25724.78,25724.78,25123.43,9870860000,2026-06-26 06:32 UTC
